LOC_ID|NAME|ADDRESS|ADDRESS2|MUNI_NAME|PROVINCE|POSTAL_CODE|NOTES|STATUS|PHONE|WEBSITE|REC_ID|PROPERTY_TYPE|LOC_TYPE|FOM_NAME|FOM_TYPE|CREATED_USER|CREATED_DATE|LAST_EDITED_USER|LAST_EDITED_DATE|LOC_CODE|COUNTRY|LOC_ADD_ID|LAT|LONG
RLC10379|BC Children's Hospital - Centre for Translational Research|948 West 28th Avenue||Vancouver|BC|V5Z 4H4||Current|||5055||Hospital||Clinical Academic Campus|GISSTUD1|20190923210830|PLAN|20200811152503||Canada|ARLC10379|1209439.9183|474173.1615
RLC10409|BC Children's Hospital - Clinical Support Building|4500 Oak Street||Vancouver|BC|V6H 3N1||Current|||5057||Hospital||Clinical Academic Campus|NIKT|20200128225901|PLAN|20200811152508||Canada|ARLC10409|1209443.293|474207.5137
RLC10401|BC Children's Hospital Research Institute - EDU (BCRI Education Centre)|950 West 28th Avenue ||Vancouver|BC|V5Z 4H4||Current|604-875-2345|https://www.bcchr.ca/|5052|Leased to UBC|Hospital|BC Children's Hospital|Clinical Academic Campus|NIKT|20200128192944|PLAN|20200811152514|BCHRI|Canada|ARLC10401|1209340.8746|474177.0379
RLC10411|BC Children's Hospital Research Institute - East Block|950 West 28th Avenue ||Vancouver|BC|V5Z 4H4||Current|604-875-2345|https://www.bcchr.ca/|5051|Leased to UBC|Hospital|BC Children's Hospital|Clinical Academic Campus|RACHELW|20200424183534|PLAN|20200811152521|BCHRI|Canada|ARLC10411|1209371.3199|474171.8796
RLC10402|BC Children's Hospital Research Institute - East Block (BCRI Variety Research)|950 West 28th Avenue ||Vancouver|BC|V5Z 4H4||Current|604-875-2345|https://www.bcchr.ca/|5051|Leased to UBC|Hospital|BC Children's Hospital|Clinical Academic Campus|||PLAN|20200811152527|BCHRI|Canada|ARLC10402|1209386.573|474201.8309
RLC10068|BC Children's Hospital Research Institute - North Block (BCRI CMMT)|950 West 28th Avenue ||Vancouver|BC|V5Z 4H4||Current|604-875-2345|https://www.bcchr.ca/|5053|Leased to UBC|Hospital|BC Children's Hospital|Clinical Academic Campus|NIKT|20200128192955|PLAN|20200811152532|BCHRI|Canada|ARLC10068|1209365.2321|474200.5091
RLC10403|BC Children's Hospital Research Institute - South Block (BCRI CMMT)|950 West 28th Avenue ||Vancouver|BC|V5Z 4H4||Current|604-875-2345|https://www.bcchr.ca/|5054|Leased to UBC|Hospital|BC Children's Hospital|Clinical Academic Campus|NIKT|20200128193025|PLAN|20200811152540|BCHRI|Canada|ARLC10403|1209404.6873|474172.0792
RLC10389|BC Children's Hospital - Ambulatory Care Building|4500 Oak Street||Vancouver|BC|V6H 3N1||Current|||5050||Hospital|BC Women's Hospital & Health Centre|Clinical Academic Campus|NIKT|20200128191415|PLAN|20200811152455|BCWH|Canada|ARLC10389|1209522.2577|474156.3609
RLC10046|North Island Hospital Comox Valley|101 Lerwick Road||Courtenay|BC|V9N 0B9||Current|250-331-5900|https://www.islandhealth.ca/our-locations/hospitals-health-centre-locations/north-island-hospital-comox-valley|5117||Hospital|North Island Hospital Comox Valley|Affiliated Regional Centre|||PLAN|20200724222036||Canada|ARLC10046|1074318.8456|522350.0628
RLC10047|Peace Arch Hospital|15521 Russel Avenue||White Rock|BC|V4B 2R4||Current|604-531-5512|https://www.fraserhealth.ca/Service-Directory/Locations/White-Rock/peace-arch-hospital|||Hospital|Peace Arch Hospital|Affiliated Regional Centre|||PLAN|20200724222036|PAH|Canada|ARLC10047|1234785.5932|451303.6933
RLC10048|Penticton Regional Hospital|550 Carmi Avenue||Penticton|BC|V2A 3G6||Current|250-492-4000|https://www.interiorhealth.ca/FindUs/_layouts/FindUs/info.aspx?type=Location&loc=Penticton%20Regional%20Hospital&svc=&ploc=|5086||Hospital|Penticton Regional Hospital|Affiliated Regional Centre|||PLAN|20200724222036||Canada|ARLC10048|1465008.3215|517262.2431
RLC10391|Richmond Hospital - North Tower|7000 Westminster Highway||Richmond|BC|V6X 1A2|2 Faxes: (604) 244-5552 (Medical Administration) or (604) 244-5196 (Health Information Requests)|Current|604-278-9711|http://www.vch.ca/Locations-Services/result?res_id=1|5078||Hospital|Richmond Hospital|Affiliated Regional Centre|||PLAN|20200724222036|RGH|Canada|ARLC10391|1208252.4907|465623.9656
RLC10050|Royal Columbian Hospital|330 East Columbia Street||New Westminster|BC|V3L 3W7||Current|604-520-4253|https://www.fraserhealth.ca/Service-Directory/Locations/New-Westminster/royal-columbian-hospital|5072||Hospital|Royal Columbian Hospital|Clinical Academic Campus|||PLAN|20200724222036|RCH|Canada|ARLC10050|1226581.5751|472735.1677
RLC10051|Kamloops Royal Inland Hospital|311 Columbia Street||Kamloops|BC|V2C 2T1||Current|250-374-5111|https://www.interiorhealth.ca/FindUs/_layouts/FindUs/info.aspx?type=Location&loc=Royal%20Inland%20Hospital&svc=&ploc=|5087||Hospital|Royal Inland Hospital|Affiliated Regional Centre|||PLAN|20200724222036|KRIH|Canada|ARLC10051|1399782.8381|644341.607
RLC10392|Royal Jubilee Hospital - Coronation Annex|1952 Bay Street||Victoria|BC|V8R 1J8||Current|250-370-8000|https://www.islandhealth.ca/our-locations/hospitals-health-centre-locations/royal-jubilee-hospital-rjh|5112||Hospital|Royal Jubilee Hospital|Clinical Academic Campus|||PLAN|20200724222036|RJH|Canada|ARLC10392|1198025.9394|383380.1064
RLC10044|Nanaimo Regional General Hospital|1200 Dufferin Crescent||Nanaimo|BC|V9S 2B7||Current|250-755-7691|https://www.islandhealth.ca/our-locations/hospitals-health-centre-locations/nanaimo-regional-general-hospital|5119||Hospital|"Nanaimo Regional General Hospital
Nanaimo Regional General Hospital"|Affiliated Regional Centre|||PLAN|20200724222036|NRGH|Canada|ARLC10044|1148089.5585|465303.5928
RLC10053|St. Paul's Hospital - Burrard Building|1081 Burrard Street||Vancouver|BC|V6Z 1Y6|Main Switchboard: 604-682-2344, To contact a patient: 604-684-6532|Current|604-682-2344|http://www.providencehealthcare.org/hospitals-residences/st-pauls-hospital/overview|5022||Hospital|St. Paul's Hospital|Clinical Academic Campus|||PLAN|20200724222036|SPH|Canada|ARLC10053|1209086.6337|478038.0474
RLC10045|North Island Hospital Campbell River & District|375 2nd Avenue||Campbell River|BC|V9W 3V1||Current|250-286-7100|https://www.islandhealth.ca/our-locations/hospitals-health-centre-locations/north-island-hospital-campbell-river-district|5116||Hospital|North Island Hospital Campbell River & District|Affiliated Regional Centre|||PLAN|20200724222036||Canada|ARLC10045|1054288.3332|555096.9586
RLC10177|VIHA Development Disability Mental Health Team|3939 Quadra Street, Unit 203||Victoria|BC|V8X 1J5||Current|||||Hospital||HR|||PLAN|20200724222036||Canada|ARLC10177|1195550.1882|386936.6485
RLC10178|Broadway Medical Building|943 West Broadway||Vancouver|BC|V5Z 4E1||Current|||||Hospital||HR|||PLAN|20200724222036||Canada|ARLC10178|1209389.8703|476173.6853
RLC10179|Laurel Medical Centre|888 West 8th Avenue, Unit 310||Vancouver|BC|V5Z 3Y1||Current|||||Hospital||HR|||PLAN|20200724222036||Canada|ARLC10179|1209510.2923|476235.118
RLC10180|West Side Mental Health|4088 Cambie Street, Unit 200||Vancouver|BC|V5Z 2X8||Current|||||Hospital||HR|||PLAN|20200724222036||Canada|ARLC10180|1210172.4393|474635.391
RLC10181|BCAA Southern Interior|399 Royal Avenue||Kelowna|BC|V1Y 5L3||Current|||||Hospital||HR|||PLAN|20200724222036|BCAA|Canada|ARLC10181|1467020.6347|561261.6773
RLC10183|Rural Maternity Research Office|1501 West Broadway, Unit 530||Vancouver|BC|V6J 4Z6||Current|||||Hospital||HR|||PLAN|20200724222036||Canada|ARLC10183|1208380.2252|476147.5593
RLC10184|Northern Health Authority|299 Victoria Street, Unit 820||Prince George|BC|V2L 5B8||Current|||||Hospital||HR|||PLAN|20200724222036||Canada|ARLC10184|1212940.5927|995372.9782
RLC10186|Timber Creek Tertiary Care Facility|13646 94A Avenue||Surrey|BC|V3V 1N1||Current|||||Hospital||HR|||PLAN|20200724222036||Canada|ARLC10186|1230253.5474|467139.6124
RLC10187|Echelon Centre|575 West 8th Avenue||Vancouver|BC|V5Z 1C6||Current|||||Hospital||HR|||PLAN|20200724222036||Canada|ARLC10187|1209984.2768|476277.4244
RLC10188|LifeLabs Medical Laboratory Services|3680 Gilmore Way||Burnaby|BC|V5G 4V8||Current|||||Hospital||HR|||PLAN|20200724222036||Canada|ARLC10188|1218017.6445|474960.3286
RLC10189|Vancouver CBT Centre|1765 West 8th Avenue, Unit 302||Vancouver|BC|V6J 5C6||Current|||||Hospital||HR|||PLAN|20200724222036||Canada|ARLC10189|1207951.7475|476247.0245
RLC10193|Rural Coordination Centre of BC|1665 West Broadway||Vancouver|BC|V6J 1X1||Current|||5122||Hospital||HR|||PLAN|20200724222036||Canada|ARLC10193|1208123.3635|476152.975
RLC10194|Arthiritis Research Centre of Canada|5591 No. 3 Road||Richmond|BC|V6X 2C7||Current|||||Hospital||HR|||PLAN|20200724222036||Canada|ARLC10194|1208894.1812|466298.144
RLC10195|Prince George Health Unit|1444 Edmonton Street||Prince George|BC|V2M 6W5||Current|||||Hospital||HR|||PLAN|20200724222036||Canada|ARLC10195|1212132.5849|994566.1494
RLC10196|Assertive Community Treatment - CR|761 12th Avenue||Campbell River|BC|V9W 7E1||Current|||||Hospital||HR|||PLAN|20200724222036||Canada|ARLC10196|1053654.4268|557040.3416
RLC10197|Northeast Mental Health Office|2750 East Hastings Street||Vancouver|BC|V5K 1Z9||Current|||||Hospital||HR|||PLAN|20200724222036||Canada|ARLC10197|1214920.3597|478327.028
RLC10199|North Shore Community Psychiatric|1350 St. Andrews Avenue||North Vancouver|BC|V7L 3L4||Current|||||Hospital||HR|||PLAN|20200724222036||Canada|ARLC10199|1213448.2716|482684.9918
RLC10200|Urgent Short Term Assessment & Treatment|1250 Quadra Street||Victoria|BC|V8W 2K7||Current|||||Hospital||HR|||PLAN|20200724222036||Canada|ARLC10200|1195788.9565|382485.3238
RLC10201|Queen Alexandra Hospital|2400 Arbutus Road||VIctoria|BC|V8N 1V7||Current|||||Hospital||Community Educational Facility|||PLAN|20200724222036||Canada|ARLC10201|1199932.7768|387776.5583
RLC10202|Pacific Gastroenterology Association|1190 Hornby Street, Unit 770||Vancouver|BC|V6Z 2K5||Current|||5021||Hospital||HR|||PLAN|20200724222036||Canada|ARLC10202|1209128.2732|477808.9078
RLC10203|Squamish General Hospital|38140 Behrner Drive||Squamish|BC|V8B 0J3||Current|||||Hospital||Community Educational Facility|||PLAN|20200724222036||Canada|ARLC10203|1206260.0896|524344.1665
RLC10204|Cedar Project - Prince George|1112 6th Avenue, Unit 101||Prince George|BC|V2L 3M6||Current|||||Hospital||HR|||PLAN|20200724222036||Canada|ARLC10204|1213242.1154|994923.0388
RLC10205|Hope Centre|1337 St. Andrews Avenue||North Vancouver|BC|V7L 0B8||Current|||||Hospital||HR|||PLAN|20200724222036||Canada|ARLC10205|1213389.589|482682.2375
RLC10206|Burnaby Centre for Mental Health & Addiction|3405 Willingdon Avenue||Burnaby|BC|V5C 3H4||Current|||||Hospital||HR|||PLAN|20200724222036||Canada|ARLC10206|1218146.1167|475470.477
RLC10207|The Electra Health Floor|970 Burrard Street, Mezzanine 1||Vancouver|BC|V6Z 2R4||Current|||||Hospital||HR|||PLAN|20200724222036||Canada|ARLC10207|1209290.4537|478118.7106
RLC10208|Seven Oaks Mental Health|4575 Blenkinsop Road||Victoria|BC|V8X 2C7||Current|||||Hospital||HR|||PLAN|20200724222036||Canada|ARLC10208|1195774.3715|390543.432
RLC10209|TriCities Mental Health Office|2232 Elgin Avenue||Port Coquitlam|BC|V3C 2B2||Current|||||Hospital||HR|||PLAN|20200724222036||Canada|ARLC10209|1234665.3467|477130.9298
RLC10210|Animal Health Care|1767 Angus Campbell Road||Abbotsford|BC|V3G 2M3||Current|||||Hospital||HR|||PLAN|20200724222036||Canada|ARLC10210|1274697.7249|453771.0287
RLC10214|BC Cancer – Victoria|2410 Lee Avenue||Victoria|BC|V8R 6V5||Current|||5111||Hospital||HR|GISSTUD1|20190918225052|PLAN|20200724222036||Canada|ARLC10214|1198211.5204|383601.1272
RLC10215|St. Paul's Hospital - Pacific Nephrology Group - Howe Office|1125 Howe Street, Unit 608||Vancouver|BC|V6Z 2K8||Current|||5020||Hospital||HR|GISSTUD1|20190918231121|PLAN|20200724222036||Canada|ARLC10215|1209246.179|477863.763
RLC10216|CEQAL Inc.|2083 Alma Street, Unit 307||Vancouver|BC|V6R 4N6||Current|||||Hospital||HR|GISSTUD1|20190918231718|PLAN|20200724222036||Canada|ARLC10216|1204908.2206|476474.8455
RLC10222|Canada's Michael Smith Genome Sciences Centre|570 West 7th Avenue||Vancouver|BC|V5Z 4S6||Current|||||Hospital||HR|GISSTUD1|20190918232446|PLAN|20200724222036||Canada|ARLC10222|1209982.2923|476323.5593
RLC10223|New Westminster Mental Health and Substance Use Centre|403 6th Street|2nd Floor|New Westminster|BC|V3L 3B1||Current|||||Hospital||HR|GISSTUD1|20190918233508|PLAN|20200724222036||Canada|ARLC10223|1224833.0245|470913.995
RLC10224|Burnaby Inpatient Assessment Unit|7900 Fraser Park Drive||Burnaby|BC|V5J 5H1||Current|||||Hospital||HR|GISSTUD1|20190918233840|PLAN|20200724222036||Canada|ARLC10224|1219837.7268|467924.827
RLC10321|Kelowna Mental Health & Substance Use|505 Doyle Avenue||Kelowna|BC|V1Y 0C5||Current|||||Hospital||HR|GISSTUD1|20190920203841|PLAN|20200724222036||Canada|ARLC10321|1466981.7993|562894.3396
RLC10322|Island Health|1040 Shoppers Row, Unit 207||Campbell River|BC|V9W 2C6||Current|||||Hospital||HR|GISSTUD1|20190920205904|PLAN|20200724222036||Canada|ARLC10322|1054128.3792|556974.8379
RLC10324|Squamish Mental Health & Addiction Services|38075 2nd Avenue||Squamish|BC|V8B 0A2||Current|||||Hospital||HR|GISSTUD1|20190920210437|PLAN|20200724222036||Canada|ARLC10324|1205329.767|524562.7128
RLC10054|Surrey Memorial Hospital|13750 96th Avenue||Surrey|BC|V3V 1Z2||Current|604-581-2211|https://www.fraserhealth.ca/Service-Directory/Locations/Surrey/surrey-memorial-hospital|5074||Hospital|Surrey Memorial Hospital|Clinical Academic Campus|||PLAN|20200724222036|SMH|Canada|ARLC10054|1230376.7023|467316.3251
RLC10055|Mills Memorial Hospital|4720 Haugland Avenue||Terrace|BC|V8G 2W7||Current|250-635-2211|https://www.northernhealth.ca/locations/hospitals/mills-memorial-hospital|5099||Hospital|Terrace Mills Memorial Hospital|Affiliated Regional Centre|||PLAN|20200724222036||Canada|ARLC10055|832339.8311|1059660.2156
RLC10056|University Hospital of Northern British Columbia|1475 Edmonton Street||Prince George|BC|V2M 1S2||Current|250-565-2000|https://www.northernhealth.ca/locations/hospitals/university-hospital-northern-british-columbia-uhnbc|5092||Hospital|University Hospital of Northern British Columbia|Clinical Academic Campus|||PLAN|20200724222036|UHNBC|Canada|ARLC10056|1211949.0722|994721.4386
RLC10059|University of Northern British Columbia|3333 University Way||Prince George|BC|V2N 4Z9||Current|250-960-5555|https://www.unbc.ca/|5093||Regional|University of Northern British Columbia|HR|||PLAN|20200724222036|UNBC|Canada|ARLC10059|1209032.7035|992485.3658
RLC10060|University of Victoria - Petersen Health Centre|3800 Finnerty Road||Victoria|BC|V8N 1M5||Current|250-721-7211|https://www.uvic.ca/|5110||Hospital|University of Victoria|HR|||PLAN|20200724222036|UVIC|Canada|ARLC10060|1199742.8026|386882.0212
RLC10061|Vancouver General Hospital - Jim Pattison Pavilion|899 West 12th Avenue||Vancouver|BC|V5Z 1M9||Current|604-875-4111|http://www.vch.ca/Locations-Services/result?res_id=644|5011|Leased to UBC|Hospital|Vancouver General/UBC Hospitals|Clinical Academic Campus|||PLAN|20200724222036|VGH|Canada|ARLC10061|1209427.7278|475888.8082
RLC10062|Vernon Jubilee Hospital|2101 32nd Street||Vernon|BC|V1T 5L2||Current|250-545-2211|https://www.interiorhealth.ca/FindUs/_layouts/FindUs/info.aspx?type=Location&loc=Vernon%20Jubilee%20Hospital&svc=&ploc=|5088||Hospital|Vernon Jubilee Hospital|Affiliated Regional Centre|||PLAN|20200724222036||Canada|ARLC10062|1478886.8528|605193.1023
RLC10063|Victoria General Hospital|1 Hospital Way||Victoria|BC|V8Z 6R5||Current|250-727-4212|https://www.islandhealth.ca/our-locations/hospitals-health-centre-locations/victoria-general-hospital-vgh|5115||Hospital|Victoria General Hospital|Clinical Academic Campus|||PLAN|20200724222036|VICGH|Canada|ARLC10063|1190208.6768|386899.7163
RLC10064|BC Centre for Disease Control|655 West 12th Avenue||Vancouver|BC|V5Z 4R4||Current|604-707-2400|http://www.bccdc.ca/|5033||Hospital||HR|||PLAN|20200724222036||Canada|ARLC10064|1209854.1846|475867.3858
RLC10065|Kootenay Lake Hospital|3 View Street||Nelson|BC|V1L 2V1||Current|250-352-3111|https://www.interiorhealth.ca/FindUs/_layouts/FindUs/info.aspx?type=Location&loc=Kootenay%20Lake%20Hospital|5085||Hospital|Nelson|Community Educational Facility|||PLAN|20200724222036||Canada|ARLC10065|1630166.4002|536480.4419
RLC10066|Kootenay Boundary Regional Hospital|1200 Hospital Bench||Trail|BC|V1R 4M1||Current|250-368-3311|http://www.kbrh.ca/|5084||Hospital|Trail|Community Educational Facility|||PLAN|20200724222036||Canada|ARLC10066|1605249.3304|489624.6459
RLC10067|Sunny Hill Health Centre for Children|3644 Slocan Street||Vancouver|BC|V5M 3H4||Current|604-453-8300|http://www.bcchildrens.ca/our-services/sunny-hill-health-centre|5040||Hospital||HR|||PLAN|20200724222036||Canada|ARLC10067|1214984.8319|475192.4451
RLC10069|GF Strong Rehabilitation Centre|4255 Laurel Street||Vancouver|BC|V5Z 2G9||Current|604-734-1313|http://www.vch.ca/Locations-Services/result?res_id=1277|5042||Hospital|BC Women's Hospital & Health Centre|HR|||PLAN|20200724222036||Canada|ARLC10069|1209426.313|474297.225
RLC10070|Mount Saint Joseph Hospital|3080 Prince Edward Street||Vancouver|BC|V5T 3N4||Current|604-874-1141|http://www.vch.ca/Locations-Services/result?res_id=30|5045||Hospital||Community Educational Facility|||PLAN|20200724222036|MSJH|Canada|ARLC10070|1211533.4097|475718.2863
RLC10073|Bamfield Marine Station|100 Pachena Road||Bamfield|BC|V0R 1B0||Current||||Joint venture|Regional|||||PLAN|20200724222036||Canada|ARLC10073|1063572.2997|424741.9996
RLC10074|Therapeutics Initiative|1110 Government Street, Unit 210||Victoria|BC|V8W 1Y2||Current||||Leased to UBC|Regional|||||PLAN|20200724222036||Canada|ARLC10074|1195159.1506|382460.7144
RLC10075|John M.S Lecky Boathouse|7277 River Road||Richmond|BC|V6X 1X5||Current||||Leased to UBC|Regional|||||PLAN|20200724222036||Canada|ARLC10075|1208306.7108|466776.4807
RLC10076|Annacis Research Centre (GVSDD)|1400 Lindsey Place||Delta|BC|V3M 6V1||Current||||Licensed to UBC|Regional|||||PLAN|20200724222036||Canada|ARLC10076|1221984.2482|465838.2486
RLC10077|Sunset Tower|6450 Inverness Street||Vancouver|BC|V5W 2C3||Current||||Leased to UBC|Regional|||||PLAN|20200724222036||Canada|ARLC10077|1212912.5578|472217.1038
RLC10078|Mandarte Island|||Southern Gulf Island|BC|V8L 5Y7||Current||||UBC Agreement Use|Regional|||||PLAN|20200724222036||Canada|ARLC10078|1199724.4367|405936.4397
RLC10079|Medical Student & Alumni Centre (VGH)|2750 Heather Street||Vancouver|BC|V5Z 4M2||Current|||5013|Leased to UBC|Hospital||HR|||PLAN|20200724222036||Canada|ARLC10079|1209800.2389|475870.3585
RLC10080|Robson Square|800 Robson Street||Vancouver|BC|V6Z 2E7||Current|||5000|Leased to UBC|Regional|||||PLAN|20200724222036|ROBS|Canada|ARLC10080|1209530.1266|478234.5703
RLC10081|Indigenous Community Legal Clinic|148 Alexander Street||Vancouver|BC|V6A 1B5||Current||||Leased to UBC|Regional|||||PLAN|20200724222036||Canada|ARLC10081|1211049.489|478485.3657
RLC10082|Learning Exchange|612 Main Street||Vancouver|BC|V6A 2V4||Current||||Leased to UBC|Regional|||||PLAN|20200724222036||Canada|ARLC10082|1211180.5879|477976.5082
RLC10083|Centre for Digital Media (Great Northern Way Campus)|685 Great Northern Way||Vancouver|BC|V5T 1E1||Current||||Joint venture|Regional|||||PLAN|20200724222036||Canada|ARLC10083|1211901.0337|476698.4419
RLC10084|Malcolm Knapp Research Forest|14500 Silver Valley Road||Maple Ridge|BC|V4R 2R3||Current|||441|UBC (fee simple)|Regional|||||PLAN|20200724222036||Canada|ARLC10084|1249681.3129|478018.5287
RLC10085|Dairy Education and Research Centre|6947 Lougheed Highway, Box 202||Agassiz|BC|V0M 1A0||Current|||1920|Leased to UBC|Regional|||||PLAN|20200724222036|DAIRY|Canada|ARLC10085|1308442.1941|478769.1943
RLC10086|Thacker Mountain|||Hope|BC|V0X 1L1||Current||||UBC (fee simple)|Regional|||||PLAN|20200724222036||Canada|ARLC10086|1332931.3318|497301.8739
RLC10087|Geological Field School Oliver|1737 Willowbrook Road||Oliver|BC|V0X 1C0|Address Lease: 38216 149th Street|Current||||UBC (fee simple)|Regional|||||PLAN|20200724222036||Canada|ARLC10087|1466854.228|488611.3185
RLC10088|Woodhaven Eco Culture Centre|969 Raymer Road||Kelowna|BC|V1W 1K1|Regional District of Central Okanagan|Current|||4038|Leased to UBC|Regional|||||PLAN|20200724222036||Canada|ARLC10088|1469657.8264|554245.1359
RLC10089|West Kootenay Rural Teacher Education Program|266 Baker Street||Nelson|BC|V1L 4E2||Current||||Leased to UBC|Regional|||||PLAN|20200724222036||Canada|ARLC10089|1629323.7653|535875.4266
RLC10090|Alex Fraser Research Forest |72 South 7th Avenue||Williams Lake|BC|V2G 4N5||Current||||Timber License to UBC|Regional|||||PLAN|20200724222036||Canada|ARLC10090|1264023.1098|797907.0957
RLC10091|Prideaux Haven (Hunt Estate)|||Powell River|BC|V0P 1K0||Current||||UBC (fee simple)|Regional|||||PLAN|20200724222036||Canada|ARLC10091|1093740.8123|564635.3825
RLC10093|Accelerate Okanagan Technology Association|460 Doyle Avenue||Kelowna|BC|V1Y 2A2||Current|||4036|Leased to UBC|Regional|||||PLAN|20200724222036||Canada|ARLC10093|1466925.2788|562948.2406
RLC10094|Canadian International Resources and Development Institute|1166 Alberni Street, Unit 1606||Vancouver|BC|V6E 1A5||Current||||Leased to UBC|Regional|||||PLAN|20200724222036||Canada|ARLC10094|1209238.8284|478689.5085
RLC10095|Dominion Radio Astrophysical Observatory|717 White Lake Road||Kaleden|BC|V2A 6J9||Current||||Licensed to UBC|Regional|||||PLAN|20200724222036||Canada|ARLC10095|1463605.7947|499314.9086
RLC10096|Keats Hall|2280 Wesbrook Mall||Vancouver|BC|V6T 2K3||Current||||UBC (fee simple)|Housing|||||PLAN|20200724222036||Canada|ARLC10096|1200864.917|475822.5993
RLC10097|Chaucer Hall|2250 Wesbrook Mall||Vancouver|BC|V6T 1W6||Current||||UBC (fee simple)|Housing|||||PLAN|20200724222036||Canada|ARLC10097|1200815.9848|475906.976
RLC10098|Westcott Commons|2388 Western Parkway||Vancouver|BC|V6T 1W6||Current||||UBC (fee simple)|Housing|||||PLAN|20200724222036||Canada|ARLC10098|1200939.8662|475841.0513
RLC10099|Winslow Commons|2338 Western Parkway||Vancouver|BC|V6T 2H7||Current||||UBC (fee simple)|Housing|||||PLAN|20200724222036||Canada|ARLC10099|1200897.5275|475909.6244
RLC10100|Glenlloyd Park|5740 Toronto Road||Vancouver|BC|V6T 2H7||Current||||UBC (fee simple)|Housing|||||PLAN|20200724222036||Canada|ARLC10100|1200964.1709|475946.9929
RLC10101|BC Cancer Research Centre|675 West 10th Avenue||Vancouver|BC|V5Z 1L3||Current|604-675-8000|http://www.bccrc.ca/|5030||Hospital||HR|||PLAN|20200724222036||Canada|ARLC10101|1209809.7222|476073.3503
RLC10102|Vancouver General Hospital - Gordon and Leslie Diamond Health Care Centre|2755 Laurel Street||Vancouver|BC|V5Z 1M9||Current|604-875-4111||5001||Hospital||Clinical Academic Campus|||PLAN|20200724222036||Canada|ARLC10102|1209313.1281|475886.255
RLC10103|Vancouver General Hospital - Blusson Spinal Cord Centre|818 West 10th Avenue||Vancouver|BC|V5Z 1M9||Current|604-675-8800|http://icord.org|5003||Hospital||Clinical Academic Campus|||PLAN|20200724222036||Canada|ARLC10103|1209586.1605|476009.6467
RLC10104|Vancouver General Hospital - Eye Care Centre|2550 Willow Street||Vancouver|BC|V5Z 3N9||Current|604-875-4555|https://ophthalmology.med.ubc.ca/|5005||Hospital||Clinical Academic Campus|||PLAN|20200724222036||Canada|ARLC10104|1209657.9606|476067.5117
RLC10105|Vancouver General Hospital - Jack Bell Research Centre|2660 Oak Street||Vancouver|BC|V6H 3Z6||Current|604-875-4111||5008||Hospital||Clinical Academic Campus|||PLAN|20200724222036||Canada|ARLC10105|1209309.2415|475970.0141
RLC10106|Vancouver General Hospital - Skin Care Centre|835 West 10th Avenue||Vancouver|BC|V5Z 4E8||Current|604-875-5151|http://www.skincarecentre.ca/|5009||Hospital||Clinical Academic Campus|||PLAN|20200724222036||Canada|ARLC10106|1209574.8649|476066.9054
RLC10107|Vancouver General Hospital - Leon Judah Blackmore Pavilion|855 West 12th Avenue||Vancouver|BC|V5Z 1M9||Current|604-875-4830|http://www.vch.ca/Locations-Services/result?res_id=827|5012||Hospital|Vancouver General/UBC Hospitals|Clinical Academic Campus|||PLAN|20200724222036||Canada|ARLC10107|1209550.9984|475892.2148
RLC10108|Vancouver General Hospital - Research Pavilion|828 West 10th Avenue||Vancouver|BC|V5Z 1M9||Current|604-875-4111|<Null>|5014||Hospital||Clinical Academic Campus|||PLAN|20200724222036||Canada|ARLC10108|1209536.1446|476008.8369
RLC10109|Vancouver General Hospital - Robert H.N. Ho Research Centre|2635 Laurel Street||Vancouver|BC|V5Z 1M9||Current|604-875-4111||5015||Hospital||Clinical Academic Campus|||PLAN|20200724222036||Canada|ARLC10109|1209343.1158|475981.6047
RLC10110|Vancouver General Hospital - Heather Pavilion|2733 Heather Street||Vancouver|BC|V5Z 4M2||Current|604-875-4111||5006||Hospital||Clinical Academic Campus|||PLAN|20200724222036||Canada|ARLC10110|1209691.3262|475949.7524
RLC10111|Mission Memorial Hospital|7324 Hurd Street||Mission|BC|V2V 3H5||Current|604-826-6261|https://www.fraserhealth.ca/Service-Directory/Locations/Mission/mission-memorial-hospital|||Hospital|Mission|Community Educational Facility|||PLAN|20200724222036||Canada|ARLC10111|1267907.1865|464600.3063
RLC10112|Clinical Academic Campus|2312 Pandosy Street||Kelowna|BC|V1Y 1T3||Current|250-980-1310|https://smp.med.ubc.ca/|5083||Hospital|Kelowna General Hospital|Clinical Academic Campus|||PLAN|20200724222036||Canada|ARLC10112|1467149.2464|561144.208
RLC10113|Osoyoos Health Centre|4816 89th Street||Osoyoos|BC|V0H 1V1||Current|250-495-6433|https://www.interiorhealth.ca/FindUs/_layouts/FindUs/info.aspx?type=Location&loc=Osoyoos%20Health%20Centre&svc=&ploc=|||Hospital|Osoyoos|Community Educational Facility|||PLAN|20200724222036||Canada|ARLC10113|1477561.9222|466954.1465
RLC10114|Oceanside Health Centre|489 Alberni Highway||Parksville|BC|V9P 1J9||Current|250-951-9550|https://www.islandhealth.ca/our-locations/hospitals-health-centre-locations/oceanside-health-centre|||Hospital|Parksville|Community Educational Facility|||PLAN|20200724222036||Canada|ARLC10114|1121886.3187|478514.2488
RLC10115|Eagle Ridge Hospital|475 Guildford Way||Port Moody|BC|V3H 3W9||Current|604-461-2022|https://www.fraserhealth.ca/Service-Directory/Locations/Port-Moody/eagle-ridge-hospital|||Hospital|Port Moody|Community Educational Facility|||PLAN|20200724222036||Canada|ARLC10115|1231252.7607|479545.786
RLC10116|Powell River General Hospital|5000 Joyce Avenue||Powell River|BC|V8A 5R3||Current|604-485-3211|http://www.vch.ca/Locations-Services/result?res_id=655|||Hospital|Powell River|Community Educational Facility|||PLAN|20200724222036||Canada|ARLC10116|1106562.1394|538462.3039
RLC10117|Prince Rupert Regional Hospital|1305 Summit Avenue||Prince Rupert|BC|V8J 2A6||Current|250-624-2171|https://www.northernhealth.ca/locations/hospitals/prince-rupert-regional-hospital|||Hospital|Prince Rupert|Community Educational Facility|||PLAN|20200724222036||Canada|ARLC10117|718983.4887|1042170.0792
RLC10118|Princeton General Hospital|98 Ridgewood Drive||Princeton|BC|V0X 1W0||Current|250-295-3233|https://www.interiorhealth.ca/FindUs/_layouts/FindUs/info.aspx?type=Location&loc=Princeton%20General%20Hospital&svc=&ploc=|||Hospital|Princeton|Community Educational Facility|||PLAN|20200724222036||Canada|ARLC10118|1396683.8456|508420.3452
RLC10119|Haida Gwaii Hospital and Health Centre|3209 Oceanview Drive||Queen Charlotte|BC|V0T 1S1||Current|250-559-4900|https://www.northernhealth.ca/locations/hospitals/haida-gwaii-hospital-and-health-centre-xaayda-gwaay-ngaaysdll-naay|||Hospital|Queen Charlotte City|Community Educational Facility|||PLAN|20200724222036||Canada|ARLC10119|596113.4534|933806.0671
RLC10120|G.R. Baker Memorial Hospital|543 Front Street||Quesnel|BC|V2J 2K7||Current|250-985-5600|https://www.northernhealth.ca/locations/hospitals/gr-baker-hospital|||Hospital|Quesnel|Community Educational Facility|||PLAN|20200724222036||Canada|ARLC10120|1234448.9062|891723.9485
RLC10121|Queen Victoria Hospital|1200 Newlands Road||Revelstoke|BC|V0E 2S0||Current|250-837-2131|https://www.interiorhealth.ca/FindUs/_layouts/FindUs/info.aspx?type=Location&loc=Queen%20Victoria%20Hospital&svc=&ploc=|||Hospital|Revelstoke|Community Educational Facility|||PLAN|20200724222036||Canada|ARLC10121|1546749.1316|692750.7016
RLC10122|Associate Medical Clinic Laboratory|1973 Columbia Avenue||Rossland|BC|V0G 1R0||Current|250-362-7307|https://www.interiorhealth.ca/FindUs/_layouts/FindUs/info.aspx?type=Location&loc=Associate%20Medical%20Clinic%20Laboratory&svc=Laboratory%20Outpatient%20Services&ploc=N/A|||Hospital|Rossland|Community Educational Facility|||PLAN|20200724222036||Canada|ARLC10122|1598400.1425|485856.9258
RLC10123|Saanich Peninsula Hospital|2166 Mt. Newton Cross Road||Saanichton|BC|V8M 2B2||Current|250-544-7676|https://www.islandhealth.ca/our-locations/hospitals-health-centre-locations/saanich-peninsula-hospital|||Hospital|Saanich|Community Educational Facility|||PLAN|20200724222036||Canada|ARLC10123|1191365.155|401306.4497
RLC10124|Shuswap Lake General Hospital|601 10th Street NE, PO Box 520||Salmon Arm|BC|V1E 4N6||Current|250-833-3600|https://www.interiorhealth.ca/FindUs/_layouts/FindUs/info.aspx?type=Location&loc=Shuswap%20Lake%20General%20Hospital&svc=&ploc=|||Hospital|Salmon Arm|Community Educational Facility|||PLAN|20200724222036||Canada|ARLC10124|1474038.2847|654685.0546
RLC10125|Lady Minto / Gulf Islands Hospital|135 Crofton Road||Salt Spring Island|BC|V8K 1T1||Current|250-538-4800|https://www.islandhealth.ca/our-locations/hospitals-health-centre-locations/lady-minto-gulf-islands-hospital|||Hospital|Salt Spring Island|Community Educational Facility|||PLAN|20200724222036||Canada|ARLC10125|1183045.794|430515.0635
RLC10126|Sechelt Hospital|5544 Sunshine Coast Highway||Sechelt|BC|V0N 3A0|formerly known as St. Mary's Hospital|Current|604-885-2224|http://www.vch.ca/Locations-Services/result?res_id=648|||Hospital|Sechelt|Community Educational Facility|||PLAN|20200724222036||Canada|ARLC10126|1163216.5249|498039.2818
RLC10127|Sidney Satellite - Medical Laboratory|2357 James White Boulevard||Sidney|BC|V8L 0A1||Current|250-370-8355|https://www.islandhealth.ca/our-locations/medical-laboratory-locations/lab-sidney-satellite-medical-laboratory|||Hospital|Sidney|Community Educational Facility|||PLAN|20200724222036||Canada|ARLC10127|1191823.3932|407302.5808
RLC10128|Bulkley Valley District Hospital|3950 8th Avenue, PO Box 370||Smithers|BC|V0J 2N0||Current|250-847-2611|https://www.northernhealth.ca/locations/hospitals/bulkley-valley-district-hospital|||Hospital|Smithers|Community Educational Facility|||PLAN|20200724222036||Canada|ARLC10128|925378.4643|1087819.9958
RLC10129|Summerland Health Centre|12815 Atkinson Road||Summerland|BC|V0H 1Z0||Current|250-404-8000|https://www.interiorhealth.ca/FindUs/_layouts/FindUs/info.aspx?type=Location&loc=Summerland%20Health%20Centre&svc=&ploc=|||Hospital|Summerland|Community Educational Facility|||PLAN|20200724222036||Canada|ARLC10129|1457265.1676|529961.3911
RLC10130|Tofino General Hospital|261 Neill Street, PO Box 190||Tofino|BC|V0R 2Z0||Current|250-725-4010|https://www.islandhealth.ca/our-locations/hospitals-health-centre-locations/tofino-general-hospital|||Hospital|Tofino|Community Educational Facility|||PLAN|20200724222036||Canada|ARLC10130|1006701.8243|459472.6131
RLC10131|Ucluelet Medical Clinic|1566 Peninsula Road||Ucluelet|BC|V0R 3A0||Current|250-726-4443|https://coastalfamilyresources.ca/resources/ucluelet-medical-clinic|||Hospital|Ucluelet|Community Educational Facility|||PLAN|20200724222036||Canada|ARLC10131|1033295.8477|436199.0102
RLC10132|Valemount Health Centre|1445 5th Avenue||Valemount|BC|V0E 2Z0||Current|250-566-9138|https://www.northernhealth.ca/locations/nh-primary-care-medical-clinics/valemount-health-centre|||Hospital|Valemount|Community Educational Facility|||PLAN|20200724222036||Canada|ARLC10132|1451567.7682|890750.5103
RLC10133|St. John Hospital|3255 Hospital Road||Vanderhoof|BC|V0J 3A2||Current|250-567-2211|https://www.northernhealth.ca/locations/hospitals/st-john-hospital|||Hospital|Vanderhoof|Community Educational Facility|||PLAN|20200724222036||Canada|ARLC10133|1129940.0127|1004607.7826
RLC10134|West Kelowna Health Centre|2300 Carrington Road, Unit 106||West Kelowna|BC|V4T 2N6||Current|250-980-5150|https://www.interiorhealth.ca/FindUs/_layouts/FindUs/info.aspx?type=Location&loc=West%20Kelowna%20Health%20Centre&svc=Social%20Work%20Services&ploc=N/A|||Hospital|Westbank|Community Educational Facility|||PLAN|20200724222036||Canada|ARLC10134|1458388.2355|555663.4205
RLC10135|Cariboo Memorial Hospital|517 6th Avenue North||Williams Lake|BC|V2G 2G8||Current|250-392-4411|https://www.interiorhealth.ca/FindUs/_layouts/FindUs/info.aspx?type=Location&loc=Cariboo%20Memorial%20Hospital&svc=CT%20Scan&ploc=N/A|||Hospital|Williams Lake|Community Educational Facility|||PLAN|20200724222036||Canada|ARLC10135|1263366.9557|799000.4781
RLC10136|City Square|555 West 12th Avenue||Vancouver|BC|V5Z 3X7||Current|||5004||Hospital||HR|||PLAN|20200724222036||Canada|ARLC10136|1210039.229|475845.5295
RLC10137|Communicable Disease Control|601 West Broadway, Unit 800||Vancouver|BC|V5Z 4C2||Current|||||Hospital||HR|||PLAN|20200724222036||Canada|ARLC10137|1209923.4048|476165.7395
RLC10139|Child & Adolescent Response Team|2425 Quebec Street, Unit 200||Vancouver|BC|V5T 4L6||Current|||||Hospital||HR|||PLAN|20200724222036||Canada|ARLC10139|1210995.9434|476220.8783
RLC10141|Nanaimo Mental Health & Substance Abuse|2000 Island Highway North, Unit 203||Nanaimo|BC|V9S 5W3||Current|||||Hospital||HR|||PLAN|20200724222036||Canada|ARLC10141|1150091.2512|463353.2114
RLC10142|Youth Forensic Psychiatric Services|550 Cambie Street|3rd Floor|Vancouver|BC|V6B 2N7||Current|||||Hospital||HR|||PLAN|20200724222036||Canada|ARLC10142|1210353.7807|478132.092
RLC10144|Kamloops Mental Health & Addiction Services|235 Lansdowne Street||Kamloops|BC|V2C 1X8||Current|||||Hospital||HR|||PLAN|20200724222036||Canada|ARLC10144|1399640.6646|645077.6531
RLC10145|Vancouver Cedar Project|378 Powell Street||Vancouver|BC|V6A 1G4||Current|||||Hospital||HR|||PLAN|20200724222036||Canada|ARLC10145|1211425.2609|478413.3762
RLC10146|Northern Health - Mental Health & Addiction Services|1308 Alward Street|2nd Floor|Prince George|BC|V2M 7B1||Current|||||Hospital||HR|||PLAN|20200724222036||Canada|ARLC10146|1211847.7873|994655.3699
RLC10147|BC Cancer Agency - North|1215 Lethbridge Street||Prince George|BC|V2N 7E9||Current|||||Hospital||HR|||PLAN|20200724222036||Canada|ARLC10147|1212022.029|994734.3735
RLC10148|BC's Agency for Pathology and Laboratory Medicine|1867 West Broadway, Unit 300||Vancouver|BC|V6J 1Y5||Current|||||Hospital||HR|||PLAN|20200724222036||Canada|ARLC10148|1207768.6068|476123.597
RLC10149|Compass Clinic|1720 Grant Street, Unit 302||Vancouver|BC|V5L 2Y7||Current|||||Hospital||HR|||PLAN|20200724222036||Canada|ARLC10149|1211221.1513|475368.6416
RLC10150|Granville Youth Health Centre|1260 Granville Street||Vancouver|BC|V6Z 1M4||Current|||||Hospital||HR|||PLAN|20200724222036||Canada|ARLC10150|1209179.7781|477591.7608
RLC10152|The Centre for Blood Research|2150 Western Parkway, Unit 207||Vancouver|BC|V6T 1Z5||Current|||||Hospital||HR|||PLAN|20200724222036||Canada|ARLC10152|1200750.1296|476098.5853
RLC10154|Strathcona Mental Health Team|330 Heatley Avenue, Unit 201||Vancouver|BC|V6A 3G3||Current|||||Hospital||HR|||PLAN|20200724222036||Canada|ARLC10154|1211899.0952|478300.4736
RLC10155|Surrey Mental Health Office|13401 108th Avenue||Surrey|BC|V3T 5T3||Current|||||Hospital||HR|||PLAN|20200724222036||Canada|ARLC10155|1229708.5188|469845.3699
RLC10157|Kinexus Bioinformatics Corporation|8755 Ash Street, Unit 1||Vancouver|BC|V6P 6T3||Current|||||Hospital||HR|||PLAN|20200724222036||Canada|ARLC10157|1210080.269|469823.2271
RLC10158|Richmond Child & Youth Mental Health Services|6100 Bowling Green Road, Unit 200||Richmond|BC|V6Y 4G2||Current|||||Hospital||HR|||PLAN|20200724222036||Canada|ARLC10158|1208514.9232|465741.4302
RLC10159|Royal Jubilee Hospital - Eric Martin Pavillion|2334 Trent Street||Victoria|BC|V8R 4Z3||Current|||5113||Hospital||Community Educational Facility|||PLAN|20200724222036||Canada|ARLC10159|1198298.9864|383374.0623
RLC10160|JP Outpatient Care & Surgery|9750 140th Street||Surrey|BC|V3T 0G9||Current|||||Hospital||HR|||PLAN|20200724222036||Canada|ARLC10160|1231041.6118|467754.2517
RLC10161|Valley Medical Laboratories|537 Leon Avenue, Unit 105||Kelowna|BC|V1Y 6J5||Current|||||Hospital||HR|||PLAN|20200724222036||Canada|ARLC10161|1467125.7524|562413.8914
RLC10163|Victoria Forensic Psychiatry Services|2840 Nanaimo Street||Victoria|BC|V8T 5K5||Current|||||Hospital||HR|||PLAN|20200724222036||Canada|ARLC10163|1195285.5397|384169.0383
RLC10164|Surgical Consultants|2020 Richmond Road||Victoria|BC|V8R 6R6||Current|||||Hospital||HR|||PLAN|20200724222036||Canada|ARLC10164|1197934.7993|383147.7342
RLC10165|Assertive Community Treatment - N|526 Wentworth Street||Nanaimo|BC|V9R 3E4||Current|||||Hospital||HR|||PLAN|20200724222036||Canada|ARLC10165|1150083.7025|463352.3116
RLC10166|Heritage Medical Research Building|3330 Hospital Drive NW, Unit 451B||Calgary|AB|T2N 4N1||Current|||||Hospital||HR|||PLAN|20200724222036||Canada|ARLC10166|1826943.0896|741976.8123
RLC10167|Lightintegra Technology Inc.|2285 Clark Drive||Vancouver|BC|V5N 3G8||Current|||||Hospital||HR|||PLAN|20200724222036||Canada|ARLC10167|1212821.1512|476422.412
RLC10168|Broadway West Medical - Dental Centre|2732 West Broadway||Vancouver|BC|V6K 2G4||Current|||||Hospital||HR|||PLAN|20200724222036||Canada|ARLC10168|1206323.2384|476071.8482
RLC10169|Maple RIdge Mental Health Office|22470 Dewdney Trunk Road||Maple Ridge|BC|V2X 5Z6||Current|||||Hospital||HR|||PLAN|20200724222036||Canada|ARLC10169|1247879.0891|473005.1954
RLC10170|Forensic Psychiatric Hospital|70 Colony Farm Road||Port Coquitlam|BC|V3C 5X9||Current|||||Hospital||HR|||PLAN|20200724222036||Canada|ARLC10170|1232418.6047|473307.9453
RLC10171|Summerland Research Centre - Agriculture & Agri-Food Canada|4200 Highway 97||Summerland|BC|V0H 1Z4||Current|||||Regional||HR|||PLAN|20200724222036||Canada|ARLC10171|1459994.9928|526262.6765
RLC10172|Abbotsford Mental Health Centre|32700 George Ferguson Way, Unit 11||Abbotsford|BC|V2T 4V6||Current|||||Hospital||HR|||PLAN|20200724222036||Canada|ARLC10172|1269315.6316|455729.4658
RLC10173|Vancouver General Hospital - Jim Pattison Pavilion North|910 West 10th Avenue||Vancouver|BC|V5Z 1M9||Current|||5010||Hospital||Clinical Academic Campus|||PLAN|20200724222036||Canada|ARLC10173|1209473.5822|476000.9249
RLC10174|Simon Fraser University|8888 University Drive||Burnaby|BC|V5A 1S6||Current|||||Regional||HR|||PLAN|20200724222036|SFU|Canada|ARLC10174|1224232.786|478633.5899
RLC10175|West Vancouver Laboratory - Department of Fisheries & Oceans|4160 Marine Drive||West Vancouver|BC|V7V 1N6||Current|||||Hospital||HR|||PLAN|20200724222036||Canada|ARLC10175|1201268.8736|484477.4763
RLC10176|Surrey Fraser Valley Regional Service Clinic|10022 King George Boulevard||Surrey|BC|V3T 2W4||Current|||||Hospital||HR|||PLAN|20200724222036||Canada|ARLC10176|1230216.2922|468287.9193
RLC10000|100 Mile House District General Hospital|555 Cedar Avenue South||100 Mile House|BC|V0K 2E0||Current|250-395-7600|https://www.interiorhealth.ca/FindUs/_layouts/FindUs/info.aspx?type=Location&loc=100%20Mile%20District%20General%20Hospital&svc=Psychiatry&ploc=N/A|||Hospital|100 Mile House|Community Educational Facility|||PLAN|20200724222036||Canada|ARLC10000|1325157.7889|747044.6025
RLC10001|Abbotsford Regional Hospital|32900 Marshall Road||Abbotsford|BC|V2S 0C2||Current|604-851-4700|https://www.fraserhealth.ca/Service-Directory/Locations/Abbotsford/abbotsford-regional-hospital-and-cancer-centre|5080||Hospital|Abbotsford Regional Hospital|Affiliated Regional Centre|||PLAN|20200724222036||Canada|ARLC10001|1269881.2462|453746.9243
RLC10002|Armstrong Physiotherapy Clinic|A 2516 Patterson Street||Armstrong|BC|V0E 1B0||Current|250-546-9596||||Hospital|Armstrong|Community Educational Facility|||PLAN|20200724222036||Canada|ARLC10002|1482282.7697|626851.6579
RLC10003|BC Cancer Agency|600 West 10th Avenue||Vancouver|BC|V5Z 4E6||Current|604-877-6000|http://bccancer.bc.ca/|5032||Hospital|BC Cancer Agency|Clinical Academic Campus|||PLAN|20200724222036||Canada|ARLC10003|1209836.8849|476008.4433
RLC10004|BC Women’s Hospital|4500 Oak Street||Vancouver|BC|V6H 3N1||Current|604-875-2424|http://bcwomens.ca/|5056||Hospital|BC Women's Hospital & Health Centre|Clinical Academic Campus|||PLAN|20200724222036|BCWH|Canada|ARLC10004|1209490.0657|473979.4953
RLC10005|R W Large Memorial Hospital|88 Waglisla Street||Bella Bella|BC|V0T 1Z0||Current|250-957-2314|http://www.vch.ca/Locations-Services/result?res_id=1353|||Hospital|Bella Bella|Community Educational Facility|||PLAN|20200724222036||Canada|ARLC10005|853628.5157|796661.8307
RLC10006|Bella Coola General Hospital|1025 Elcho Street||Bella Coola|BC|V0T 1C0||Current|250-799-5311|http://www.vch.ca/Locations-Services/result?res_id=140|||Hospital|Bella Coola|Community Educational Facility|||PLAN|20200724222036||Canada|ARLC10006|948538.8899|818411.0419
RLC10007|Burnaby Hospital|3935 Kincaid Street||Burnaby|BC|V5G 2X6||Current|604-434-4211|https://www.fraserhealth.ca/Service-Directory/Locations/Burnaby/burnaby-hospital|5070||Hospital|Burnaby Hospital|Affiliated Regional Centre|||PLAN|20200724222036||Canada|ARLC10007|1217435.5344|474949.0976
RLC10008|Castlegar & District Community Health Centre|709 10th Street||Castlegar|BC|V1N 2H7||Current|250-365-7711|https://www.interiorhealth.ca/FindUs/_layouts/FindUs/info.aspx?type=Location&loc=Castlegar%20and%20District%20Community%20Health%20Centre&svc=&ploc=|||Hospital|Castlegar|Community Educational Facility|||PLAN|20200724222036||Canada|ARLC10008|1605472.3254|513285.5052
RLC10009|Chase Health Centre|825 Thompson Avenue||Chase|BC|V0E 1M0||Current|250-679-3312|https://www.interiorhealth.ca/FindUs/_layouts/FindUs/info.aspx?type=Location&loc=Chase%20Health%20Centre&svc=&ploc=|||Hospital|Chase|Community Educational Facility|||PLAN|20200724222036||Canada|ARLC10009|1444009.075|664653.5871
RLC10010|Chemainus Health Care Centre|9909 Esplanade Street||Chemainus|BC|V0R 1K1||Current|250-737-2040|https://www.islandhealth.ca/our-locations/hospitals-health-centre-locations/chemainus-health-care-centre|||Hospital|Chemainus|Community Educational Facility|||PLAN|20200724222036||Canada|ARLC10010|1167585.0451|437241.6258
RLC10011|Chilliwack General Hospital|45600 Menholm Road||Chilliwack|BC|V2P 1P7||Current|604-795-4141|https://www.fraserhealth.ca/Service-Directory/Locations/Chilliwack/chilliwack-general-hospital|5081||Hospital|Chilliwack General Hospital|Affiliated Regional Centre|||PLAN|20200724222036||Canada|ARLC10011|1294511.8638|469567.8597
RLC10012|Dr. Helmcken Memorial Hospital & Health Centre|640 Park Drive, Rural Route 1||Clearwater|BC|V0E 1N0||Current|250-674-2244|https://www.interiorhealth.ca/FindUs/_layouts/FindUs/info.aspx?type=Location&loc=Dr.%20Helmcken%20Memorial%20Hospital&svc=&ploc=|||Hospital|Clearwater|Community Educational Facility|||PLAN|20200724222036||Canada|ARLC10012|1412889.1221|754548.3071
RLC10013|Valleyview Medical Clinic|1400 Cowichan Bay Road||Cobble Hill|BC|V0R 1L3||Current|250-743-9395||||Hospital|Cobble Hill|Community Educational Facility|||PLAN|20200724222036||Canada|ARLC10013|1176314.3708|413486.4049
RLC10014|Cowichan District Hospital|3045 Gibbins Road||Duncan|BC|V9L 1E5||Current|250-709-3000|https://www.islandhealth.ca/our-locations/spiritual-health-locations/spiritual-care-cowichan-district-hospital|5118||Hospital|Cowichan District Hospital|Affiliated Regional Centre|||PLAN|20200724222036||Canada|ARLC10014|1167577.2702|421548.0324
RLC10015|East Kootenay Regional Hospital|13 24th Avenue||Cranbrook|BC|V1C 3H9||Current|250-426-5281|https://www.interiorhealth.ca/FindUs/_layouts/FindUs/info.aspx?type=Location&loc=East%20Kootenay%20Regional%20Hospital&svc=&ploc|||Hospital|Cranbrook|Community Educational Facility|||PLAN|20200724222036||Canada|ARLC10015|1740105.3278|553244.8408
RLC10016|Creston Valley Hospital and Health Centre|312 15th Avenue North||Creston|BC|V0B 1G0||Current|250-428-2286|https://www.interiorhealth.ca/FindUs/_layouts/FindUs/info.aspx?type=Location&loc=Creston%20Valley%20Hospital%20%25and%25%20Health%20Centre&svc=&ploc=|||Hospital|Creston|Community Educational Facility|||PLAN|20200724222036||Canada|ARLC10016|1691918.7791|500034.6907
RLC10017|Cumberland Health Centre|2696 Windermere Avenue||Cumberland|BC|V0R 1S0|Has separate phone # 250-331-8577 for Cumberland Health Centre Medical Laboratory|Current|250-336-8531|https://www.health.gov.bc.ca/ccf/survey/index.php/displayfacility/index/165|||Hospital|Cumberland|Community Educational Facility|||PLAN|20200724222036||Canada|ARLC10017|1070045.6028|512219.9268
RLC10018|Dawson Creek and District Hospital|11100 13th Street||Dawson Creek|BC|V1G 3W8||Current|250-782-8501|https://www.northernhealth.ca/locations/hospitals/dawson-creek-and-district-hospital|5121||Hospital|Dawson Creek & District Hospital|Affiliated Regional Centre|||PLAN|20200724222036||Canada|ARLC10018|1360672.2903|1209583.363
RLC10019|Delta Hospital|5800 Mountain View Boulevard||Delta|BC|V4K 3V6||Current|604-946-1121|https://www.fraserhealth.ca/Service-Directory/Service-At-Location/B/E/delta-hospital|||Hospital|Delta|Community Educational Facility|||PLAN|20200724222036||Canada|ARLC10019|1214835.1258|456608.5812
RLC10020|Elk Valley Hospital|1501 5th Avenue||Fernie|BC|V0B 1M0||Current|250-423-4453|https://www.interiorhealth.ca/FindUs/_layouts/FindUs/info.aspx?type=Location&loc=Elk%20Valley%20Hospital&svc=&ploc=|||Hospital|Fernie|Community Educational Facility|||PLAN|20200724222036||Canada|ARLC10020|1789829.2373|560868.0351
RLC10021|Stuart Lake Hospital|600 Stuart Drive E||Fort St. James|BC|V0J 1P0||Current|250-996-8201|https://www.northernhealth.ca/locations/hospitals/stuart-lake-hospital|||Hospital|Fort St James|Community Educational Facility|||PLAN|20200724222036||Canada|ARLC10021|1113716.0825|1050195.3767
RLC10023|Fraser Lake Community Health Centre|130 Chowsunkeet Street||Fraser Lake|BC|V0J 1S0||Current|250-699-7742|https://www.northernhealth.ca/locations/nh-primary-care-medical-clinics/fraser-lake-community-health-centre|||Hospital|Fraser Lake|Community Educational Facility|||PLAN|20200724222036||Canada|ARLC10023|1075091.3327|1006185.7323
RLC10024|Beaver Valley Clinic|1957 Columbia Gardens Road||Fruitvale|BC|V0G 1L0||Current|250-367-9211|http://kb.fetchbc.ca/service.html?i=1563|||Hospital|Fruitvale|Community Educational Facility|||PLAN|20200724222036||Canada|ARLC10024|1616637.6463|492294.4369
RLC10025|Galiano Island Health Care Centre|908 Burrill Road||Galiano Island|BC|V0N 1P0||Current|250-539-3230|https://www.islandhealth.ca/our-locations/hospitals-health-centre-locations/galiano-island-health-care-centre|||Hospital|Galiano Island|Community Educational Facility|||PLAN|20200724222036||Canada|ARLC10025|1196846.636|432097.4603
RLC10026|Gibsons Medical Clinic|1100 Sunshine Coast Highway, Unit 211||Gibsons|BC|V0N 1V7||Current|604-886-2868|http://www.gibsonsmedicalassociates.net/index.html|||Hospital|Gibsons|Community Educational Facility|||PLAN|20200724222036||Canada|ARLC10026|1179336.865|491211.8329
RLC10027|Golden & District General Hospital|835 9th Avenue South||Golden|BC|V0A 1H0||Current|250-344-5271|https://www.interiorhealth.ca/FindUs/_layouts/FindUs/info.aspx?type=Location&loc=Golden%20%25and%25%20District%20Hospital&svc=&ploc=|||Hospital|Golden|Community Educational Facility|||PLAN|20200724222036||Canada|ARLC10027|1627511.0574|738284.8816
RLC10022|Fort St. John Hospital|8407 112 Avenue||Fort St. John|BC|V1J 0J5||Current|250-262-5200|https://www.northernhealth.ca/locations/hospitals/fort-st-john-hospital-peace-villa|5089||Hospital|Fort St. John Hospital|Affiliated Regional Centre|||PLAN|20200724222036|FSJH|Canada|ARLC10022|1318759.9302|1262023.5596
RLC10028|Boundary District Hospital|7649 22nd Street||Grand Forks|BC|V0H 1H2||Current|250-443-2100|https://www.interiorhealth.ca/FindUs/_layouts/FindUs/info.aspx?type=Location&loc=Boundary%20District%20Hospital&svc=&ploc=|||Hospital|Grand Forks|Community Educational Facility|||PLAN|20200724222036||Canada|ARLC10028|1550420.4844|475273.7988
RLC10029|Wrinch Memorial Hospital|2510 Highway 62||Hazelton|BC|V0J 1Y0||Current|250-842-5211|https://www.northernhealth.ca/locations/long-term-care/wrinch-memorial-hospital|||Hospital|Hazelton|Community Educational Facility|||PLAN|20200724222036||Canada|ARLC10029|895578.3039|1141721.2481
RLC10030|Fraser Canyon Hospital|1275 7th Avenue||Hope|BC|V0X 1L4||Current|604-869-5656|https://www.fraserhealth.ca/Service-Directory/Locations/Hope/fraser-canyon-hospital|||Hospital|Hope|Community Educational Facility|||PLAN|20200724222036||Canada|ARLC10030|1332302.2343|495281.8471
RLC10031|Invermere & District Hospital|850 10th Avenue||Invermere|BC|V0A 1K0||Current|250-342-9201|https://www.interiorhealth.ca/FindUs/_layouts/FindUs/info.aspx?type=Location&loc=Invermere%20%25and%25%20District%20Hospital&svc=&ploc=|||Hospital|Invermere|Community Educational Facility|||PLAN|20200724222036||Canada|ARLC10031|1704308.7807|659824.6434
RLC10032|Kelowna General Hospital|2268 Pandosy Street||Kelowna|BC|V1Y 1T2||Current|250-862-4000|https://www.interiorhealth.ca/FindUs/_layouts/FindUs/info.aspx?type=Location&loc=Kelowna%20General%20Hospital&svc=&ploc|5082||Hospital|Kelowna General Hospital|Clinical Academic Campus|||PLAN|20200724222036||Canada|ARLC10032|1467119.473|561195.2481
RLC10033|South Similkameen Health Centre|700 3rd Street||Keremeos|BC|V0X 1N3||Current|250-499-3000|https://www.interiorhealth.ca/FindUs/_layouts/FindUs/info.aspx?type=Location&loc=South%20Similkameen%20Health%20Centre&svc=&ploc=|||Hospital|Keremeos|Community Educational Facility|||PLAN|20200724222036||Canada|ARLC10033|1449306.7093|484968.0095
RLC10034|Kimberley Health Centre & Home Support|260 4th Avenue||Kimberley|BC|V1A 2R6||Current|250-427-2215|https://www.interiorhealth.ca/FindUs/_layouts/FindUs/info.aspx?type=Location&loc=Kimberley%20Health%20Centre%20%25and%25%20Home%20Support&svc=&ploc=|||Hospital|Kimberley|Community Educational Facility|||PLAN|20200724222036||Canada|ARLC10034|1720385.0555|570259.6213
RLC10035|Kitimat General Hospital and Health Centre|920 Lahakas Boulevard South||Kitimat|BC|V8C 2S3||Current|250-632-2121|https://www.northernhealth.ca/locations/hospitals/kitimat-general-hospital-and-health-centre|||Hospital|Kitimat|Community Educational Facility|||PLAN|20200724222036||Canada|ARLC10035|827135.8246|1008483.6261
RLC10036|Ladner Centre Medical|5132 Ladner Trunk Road||Delta|BC|V4K 1W3||Current|604-940-0917|https://www.findabcdoctor.ca/clinic9.html|||Hospital|Ladner|Community Educational Facility|||PLAN|20200724222036||Canada|ARLC10036|1213416.501|457009.8922
RLC10037|Ladysmith Community Health Centre|1111 4th Avenue||Ladysmith|BC|V9G 1A1||Current|250-739-5777|https://www.islandhealth.ca/our-locations/hospitals-health-centre-locations/ladysmith-community-health-centre|||Hospital|Ladysmith|Community Educational Facility|||PLAN|20200724222036||Canada|ARLC10037|1159160.7092|444570.7804
RLC10038|Langley Memorial Hospital|22051 Fraser Highway||Langley|BC|V3A 4H4||Current|604-514-6000|https://www.fraserhealth.ca/Service-Directory/Service-At-Location/C/3/general-medicine---langley-memorial-hospital|||Hospital|Langley Memorial Hospital|Affiliated Regional Centre|||PLAN|20200724222036||Canada|ARLC10038|1247689.5576|459066.9676
RLC10039|Lions Gate Hospital|231 East 15th Street||North Vancouver|BC|V7L 2L7||Current|604-988-3131|http://www.vch.ca/Locations-Services/result?res_id=1244|5075||Hospital|Lions Gate Hospital|Affiliated Regional Centre|||PLAN|20200724222036|LGH|Canada|ARLC10039|1213277.9583|482716.13
RLC10040|Northern Haida Gwaii Hospital and Health Centre|2520 Harrison Avenue||Masset|BC|V0T 1M0||Current|250-626-4700|https://www.northernhealth.ca/locations/hospitals/northern-haida-gwaii-hospital-and-health-centre|||Hospital|Masset|Community Educational Facility|||PLAN|20200724222036||Canada|ARLC10040|598035.5703|1019366.3015
RLC10041|McBride and District Hospital|1136 5th Avenue||McBride|BC|V0J 2E0||Current|250-569-2251|https://www.northernhealth.ca/locations/hospitals/mcbride-and-district-hospital|||Hospital|McBride|Community Educational Facility|||PLAN|20200724222036||Canada|ARLC10041|1387799.9642|937582.9892
RLC10042|Nicola Valley Hospital and Health Centre|3451 Voght Street||Merritt|BC|V1K 1C6||Current|250-378-2242|https://www.interiorhealth.ca/FindUs/_layouts/FindUs/info.aspx?type=Location&loc=Nicola%20Valley%20Hospital%20and%20Health%20Centre&svc=&ploc=|||Hospital|Merritt|Community Educational Facility|||PLAN|20200724222036||Canada|ARLC10042|1373390.9687|581130.4825
RLC10043|South Cowichan Medical Clinic|845 Deloume Road, Unit A||Mill Bay|BC|V0R 2P2||Current|250-929-0197|https://southcowichanmedicalclinic.ca/|||Hospital|Mill Bay|Community Educational Facility|||PLAN|20200724222036||Canada|ARLC10043|1179949.5276|407037.5274
RLC10049|Richmond Hospital - Rotunda|7000 Westminster Highway||Richmond|BC|V6X 1A2|2 Faxes: (604) 244-5552 (Medical Administration) or (604) 244-5196 (Health Information Requests)|Current|604-278-9711|http://www.vch.ca/Locations-Services/result?res_id=1|5079||Hospital|Richmond Hospital|Affiliated Regional Centre|NIKT|20200128235845|PLAN|20200724222036|RGH|Canada|ARLC10049|1208292.3222|465495.7284
RLC10393|Royal Jubilee Hospital - Memorial Pavilion|1952 Bay Street||Victoria|BC|V8R 1J8||Current|250-370-8000|https://www.islandhealth.ca/our-locations/hospitals-health-centre-locations/royal-jubilee-hospital-rjh|5114||Hospital|Royal Jubilee Hospital|Clinical Academic Campus|NIKT|20200129002502|PLAN|20200724222036|RJH|Canada|ARLC10393|1198107.2794|383586.2994
RLC10406|BC Women’s Hospital - Shaughnessy DEF Blocks|4500 Oak Street||Vancouver|BC|V6H 3N1||Current|||5061||Hospital||Clinical Academic Campus|NIKT|20200128233343|PLAN|20200724222036||Canada|ARLC10406|1209623.3752|474042.2909
RLC10407|BC Women’s Hospital - Shaughnessy H Block|4500 Oak Street||Vancouver|BC|V6H 3N1||Current|||5062||Hospital||Clinical Academic Campus|NIKT|20200128233424|PLAN|20200724222036||Canada|ARLC10407|1209657.8281|474067.3496
RLC10390|Richmond Hospital - Medical Education Centre|7000 Westminster Highway||Richmond|BC|V6X 1A2|2 Faxes: (604) 244-5552 (Medical Administration) or (604) 244-5196 (Health Information Requests)|Current|604-278-9711|http://www.vch.ca/Locations-Services/result?res_id=1|5076||Hospital|Richmond Hospital|Affiliated Regional Centre|NIKT|20200128235533|PLAN|20200724222036|RGH|Canada|ARLC10390|1208339.7833|465532.2561
RLC10398|St. Paul's Hospital - Burrard North Building|1081 Burrard Street||Vancouver|BC|V6Z 1Y6|Main Switchboard: 604-682-2344, To contact a patient: 604-684-6532|Current|604-682-2344|http://www.providencehealthcare.org/hospitals-residences/st-pauls-hospital/overview|5023||Hospital|St. Paul's Hospital|Clinical Academic Campus|NIKT|20200129003549|PLAN|20200724222036|SPH|Canada|ARLC10398|1209112.5498|478061.0839
RLC10399|St. Paul's Hospital - Burrard South Building|1081 Burrard Street||Vancouver|BC|V6Z 1Y6|Main Switchboard: 604-682-2344, To contact a patient: 604-684-6532|Current|604-682-2344|http://www.providencehealthcare.org/hospitals-residences/st-pauls-hospital/overview|5024||Hospital|St. Paul's Hospital|Clinical Academic Campus|NIKT|20200129003555|PLAN|20200724222036|SPH|Canada|ARLC10399|1209051.0653|478018.0679
RLC10397|St. Paul's Hospital - Burrard West Building|1081 Burrard Street||Vancouver|BC|V6Z 1Y6|Main Switchboard: 604-682-2344, To contact a patient: 604-684-6532|Current|604-682-2344|http://www.providencehealthcare.org/hospitals-residences/st-pauls-hospital/overview|5025||Hospital|St. Paul's Hospital|Clinical Academic Campus|NIKT|20200129003602|PLAN|20200724222036|SPH|Canada|ARLC10397|1209068.0022|478076.8923
RLC10396|St. Paul's Hospital - Comox Building|1081 Burrard Street||Vancouver|BC|V6Z 1Y6|Main Switchboard: 604-682-2344, To contact a patient: 604-684-6532|Current|604-682-2344|http://www.providencehealthcare.org/hospitals-residences/st-pauls-hospital/overview|5026||Hospital|St. Paul's Hospital|Clinical Academic Campus|NIKT|20200129003609|PLAN|20200724222036|SPH|Canada|ARLC10396|1209048.9524|478112.8168
RLC10395|St. Paul's Hospital - MacDonald Building|1081 Burrard Street||Vancouver|BC|V6Z 1Y6|Main Switchboard: 604-682-2344, To contact a patient: 604-684-6532|Current|604-682-2344|http://www.providencehealthcare.org/hospitals-residences/st-pauls-hospital/overview|5027||Hospital|St. Paul's Hospital|Clinical Academic Campus|NIKT|20200129003616|PLAN|20200724222036|SPH|Canada|ARLC10395|1209019.1051|478058.5846
RLC10394|St. Paul's Hospital - Providence Phase I|1081 Burrard Street||Vancouver|BC|V6Z 1Y6|Main Switchboard: 604-682-2344, To contact a patient: 604-684-6532|Current|604-682-2344|http://www.providencehealthcare.org/hospitals-residences/st-pauls-hospital/overview|5028||Hospital|St. Paul's Hospital|Clinical Academic Campus|NIKT|20200129003623|PLAN|20200724222036|SPH|Canada|ARLC10394|1209013.23|478000.5829
RLC10400|St. Paul's Hospital - Providence Phase II|1081 Burrard Street||Vancouver|BC|V6Z 1Y6|Main Switchboard: 604-682-2344, To contact a patient: 604-684-6532|Current|604-682-2344|http://www.providencehealthcare.org/hospitals-residences/st-pauls-hospital/overview|5029||Hospital|St. Paul's Hospital|Clinical Academic Campus|NIKT|20200129003630|PLAN|20200724222036|SPH|Canada|ARLC10400|1208964.1503|478058.5579
RLC10410|University Hospital of Northern British Columbia - Learning and Development Centre|1475 Edmonton Street||Prince George|BC|V2M 1S2||Current|250-565-2000|https://www.northernhealth.ca/locations/hospitals/university-hospital-northern-british-columbia-uhnbc|5091||Hospital|University Hospital of Northern British Columbia|Clinical Academic Campus|NIKT|20200129175815|PLAN|20200724222036|UHNBC|Canada|ARLC10410|1211948.7823|994671.5374
RLC10412|Royal Columbian Hospital - Health Care Centre|330 East Columbia Street||New Westminster|BC|V3L 3W7||Current|604-520-4253|https://www.fraserhealth.ca/Service-Directory/Locations/New-Westminster/royal-columbian-hospital|5073||Hospital|Royal Columbian Hospital|Clinical Academic Campus|RACHELW|20200424211230|PLAN|20200724222036|RCH|Canada|ARLC10412|1226637.9671|472691.5677
RLC10413|Sunny Hill Health Centre - Building|3644 Slocan Street||Vancouver|BC|V5M 3H4||Current|604-453-8300|http://www.bcchildrens.ca/our-services/sunny-hill-health-centre|5041||Hospital||HR|RACHELW|20200424211645|PLAN|20200724222036||Canada|ARLC10413|1214985.7881|475178.2859
RLC10414|GF Strong Rehabilitation Centre - Building|4255 Laurel Street||Vancouver|BC|V5Z 2G9||Current|604-734-1313|http://www.vch.ca/Locations-Services/result?res_id=1277|5043||Hospital|BC Women's Hospital & Health Centre|HR|RACHELW|20200424211817|PLAN|20200724222036||Canada|ARLC10414|1209430.3017|474296.1899
RLC10415|Burnaby Hospital - West Wing|3935 Kincaid Street||Burnaby|BC|V5G 2X6||Current|604-434-4211|https://www.fraserhealth.ca/Service-Directory/Locations/Burnaby/burnaby-hospital|5071||Hospital|Burnaby Hospital|Affiliated Regional Centre|RACHELW|20200424212027|PLAN|20200724222036||Canada|ARLC10415|1217420.028|474871.0069
RLC10416|Mount Saint Joseph Hospital - ECU|3080 Prince Edward Street||Vancouver|BC|V5T 3N4||Current|604-874-1141|http://www.vch.ca/Locations-Services/result?res_id=30|5044||Hospital||Community Educational Facility|RACHELW|20200424212223|PLAN|20200724222036|MSJH|Canada|ARLC10416|1211537.1486|475691.0391
RLC10417|BC Cancer Research Centre - Cressey Building|675 West 10th Avenue||Vancouver|BC|V5Z 1L3||Current|604-675-8000|http://www.bccrc.ca/|5031||Hospital||HR|RACHELW|20200424212339|PLAN|20200724222036||Canada|ARLC10417|1209808.8732|476070.0928
RLC10327|PhenoPath, PLLC|551 N 34th Street, Unit 100||Seattle|WA|98103||Current|||||Hospital||HR|GISSTUD1|20190920213009|PLAN|20200724222036||USA|ARLC10327|1274881.4268|299866.8201
RLC10328|Trail Mental Health|1500 Columbia Ave, Unit 3||Trail|BC|V1R 1J9||Current|||||Hospital||HR|GISSTUD1|20190920213230|PLAN|20200724222036||Canada|ARLC10328|1605167.0384|489011.0538
RLC10329|Vancouver General Hospital - Willow Pavilion|805 West 12th Avenue||Vancouver|BC|V5Z 1M9||Current|||||Hospital||Clinical Academic Campus|GISSTUD1|20190920220208|PLAN|20200724222036||Canada|ARLC10329|1209596.8142|475882.9897
RLC10333|St. Joseph's General Hospital|2137 Comox Avenue||Comox|BC|V9M 1P2||Current|||||Hospital||Community Educational Facility|GISSTUD1|20190920222120|PLAN|20200724222036||Canada|ARLC10333|1076447.56|518153.9784
RLC10334|Pacific Institution / Regional Treatment Centre|33344 King Road, PO Box 3000||Abbotsford|BC|V2S 4P4||Current|||||Hospital||HR|GISSTUD1|20190920222524|PLAN|20200724222036||Canada|ARLC10334|1270743.2154|453100.3007
RLC10335|Fairmont Medical Building|750 West Broadway||Vancouver|BC|V5Z 1J2||Current|||||Hospital||HR|GISSTUD1|20190920222655|PLAN|20200724222036||Canada|ARLC10335|1209670.7329|476122.1888
RLC10337|The Workers' Compensation Board - Manitoba|333 Broadway||Winnipeg|MB|R3C 4W3||Current||||WCB|Regional|||RACHELW|20190920211715|PLAN|20200724222036||Canada|ARLC10337|3017101.5635|958196.2058
RLC10338|The Workers' Compensation Board - Alberta|9912 107 Street NW||Edmonton|AB|T5K 1G5||Current||||WCB|Regional|||RACHELW|20190920212115|PLAN|20200724222036||Canada|ARLC10338|1822012.5068|1020790.4852
RLC10339|The Workers' Compensation Board - Saskatchewan|1881 Scarth Street, Unit 200||Regina|SK|S4P 4L1||Current||||WCB|Regional|||RACHELW|20190920213139|PLAN|20200724222036||Canada|ARLC10339|2495368.5773|831385.0449
RLC10340|The Workers' Compensation Board - Quebec|524 rue Bourdages||Quebec City|QC|G1M 1A1||Current||||WCB|Regional|||RACHELW|20190920213928|PLAN|20200724222036||Canada|ARLC10340|4792602.1806|1745364.244
RLC10341|The Workers' Compensation Board - Ontario|200 Front Street West||Toronto|ON|M5V 3J1||Current||||WCB|Regional|||RACHELW|20190920214720|PLAN|20200724222036||Canada|ARLC10341|4535809.076|1059021.6737
RLC10331|Joseph & Rosalie Segal & Family Health Centre|803 West 12th Avenue||Vancouver|BC|V5Z 1N1|Replaced Willow Chest Centre|Current|||||Hospital||HR|GISSTUD1|20190920220648|PLAN|20200724222036||Canada|ARLC10331|1209608.7389|475966.8115
RLC10342|The Workers' Compensation Board - Nova Scotia|5668 South Street, PO Box 1150||Halifax|NS|B3J 2Y2||Current||||WCB|Regional|||RACHELW|20190920215607|PLAN|20200724222036||Canada|ARLC10342|5375877.6727|2024971.2739
RLC10332|Vernon Mental Health|1440 14th Avenue||Vernon|BC|V1B 2T1||Current|||||Hospital||HR|GISSTUD1|20190920220938|PLAN|20200724222036||Canada|ARLC10332|1480534.5286|604646.0103
RLC10343|The Workers' Compensation Board - Yukon|401 Strickland Street||Whitehorse|YT|Y1A 5N8||Current||||WCB|Regional|||RACHELW|20190920220125|PLAN|20200724222036||Canada|ARLC10343|504779.6009|1780407.8487
RLC10344|The Workers' Compensation Board - New Brunswick|1 Portland Street, PO Box 160||Saint John|NB|E2L 3X9||Current||||WCB|Regional|||RACHELW|20190920220840|PLAN|20200724222036||Canada|ARLC10344|5193565.1625|1919541.8901
RLC10346|The Workers' Compensation Board - New Foundland|146–148 Forest Road, PO Box 9000||St. John’s|NL|A1A 3B8||Current||||WCB|Regional|||RACHELW|20190920221249|PLAN|20200724222036||Canada|ARLC10346|5597027.4788|2903287.8828
RLC10347|The Workers' Compensation Board - Prince Edward Island|14 Weymouth Street, PO Box 757||Charlottetown|PE|C1A 7L7||Current||||WCB|Regional|||RACHELW|20190920221619|PLAN|20200724222036||Canada|ARLC10347|5262308.7995|2164547.5826
RLC10348|The Workers' Compensation Board - Northwest Territories and Nunavut|5022 49th Street |5th Floor Centre Square Tower|Yellowknife|NT|X1A 2R3||Current||||WCB|Regional|||RACHELW|20190920222645|PLAN|20200724222036||Canada|ARLC10348|1603385.7855|1990024.391
RLC10355|Raven Song Community Health Centre|2450 Ontario Street||Vancouver|BC|V5T 4T7||Current|||||Hospital||HR|GISSTUD1|20190920223624|PLAN|20200724222036||Canada|ARLC10355|1210894.124|476223.7832
RLC10356|Genesis Fertility Center|1367 West Broadway, Unit 300||Vancouver|BC|V6H 4A7||Current|||||Hospital||HR|GISSTUD1|20190920223738|PLAN|20200724222036||Canada|ARLC10356|1208658.4853|476168.7617
RLC10357|Richmond Public Health|8100 Granville Ave||Richmond|BC|V6Y 3T6||Current|||||Hospital||HR|GISSTUD1|20190920223907|PLAN|20200724222036||Canada|ARLC10357|1209137.4044|464898.8771
RLC10358|BC Centre for Palliative Care|601 6th Street, Unit 300||New Westminster|BC|V3L 3C1||Current|||||Hospital||HR|GISSTUD1|20190920224149|PLAN|20200724222036||Canada|ARLC10358|1224524.9683|471236.7594
RLC10359|University Hospital of Northern British Columbia - John G. McKenzie Family Practice Centre|1230 Alward Street||Prince George|BC|V2M 7B1||Current|||5090||Hospital||Community Educational Facility|GISSTUD1|20190920224338|PLAN|20200724222036||Canada|ARLC10359|1211853.522|994735.3556
RLC10360|BC Research Inc|200 Granville Street, Unit 1800||Vancouver|BC|V6C 1S4||Current|||||Hospital||HR|GISSTUD1|20190920224452|PLAN|20200724222036||Canada|ARLC10360|1210199.039|478772.0281
RLC10361|Oakhill Counselling & Mediation Services|2663 James Street||Abbotsford|BC|V2T 3L6||Current|||||Hospital||HR|GISSTUD1|20190920224619|PLAN|20200724222036||Canada|ARLC10361|1268497.8762|455226.1844
RLC10362|BC Centre on Substance Use|1045 Howe Street, Unit 400||Vancouver|BC|V6Z 2A9||Current|||||Regional||HR|GISSTUD1|20190920224713|PLAN|20200724222036||Canada|ARLC10362|1209310.4915|477939.3736
RLC10363|Indian Head Agricultural Research Foundation|1 Government Road, Box 156||Indian Head|SK|S0G 2K0|Agriculture and Agri-Food Canada at the Indian Head Research Farm|Current|||||Regional||HR|GISSTUD1|20190920224956|PLAN|20200724222036||Canada|ARLC10363|2557276.44|860964.1265
RLC10364|South Community Health Centre|1200 W 73rd Avenue, Unit 220||Vancouver|BC|V5P 6G5||Current|||||Hospital||HR|GISSTUD1|20190920230137|PLAN|20200724222036||Canada|ARLC10364|1209059.9323|469544.22
RLC10367|Whistler Health Care Centre|4380 Lorimer Rd, Unit 202||Whistler|BC|V0N 1B4||Current|||||Hospital||HR|GISSTUD1|20190920230421|PLAN|20200724222036||Canada|ARLC10367|1217687.2378|571846.3849
RLC10369|LifeLabs Cam Coady Building|7455 130th Street||Surrey|BC|V3W 1H8|Formerly "BC Biomedical Laboratories" which merged with LifeLabs|Current|||||Hospital||HR|GISSTUD1|20190920230709|PLAN|20200724222036||Canada|ARLC10369|1229154.1234|463118.0916
RLC10371|Nelson Health Centre|333 Victoria Street||Nelson|BC|V1L 4K3||Current|||||Hospital||Community Educational Facility|GISSTUD1|20190920231003|PLAN|20200724222036||Canada|ARLC10371|1629437.3571|535878.1393
RLC10373|Richmond Mental Health Team|7671 Alderbridge Way, Unit 210||Richmond|BC|V6X 1Z9||Current|||||Hospital||HR|GISSTUD1|20190920231355|PLAN|20200724222036||Canada|ARLC10373|1208361.0088|466213.1763
RLC10372|Pemberton Health Centre|1403 Portage Road||Pemberton|BC|V0N 2L0||Current|(604) 894-6939||||Hospital||Community Educational Facility|RACHELW|20190922052943|PLAN|20200724222036||Canada|ARLC10372|1227344.4228|594654.255
RLC10370|Lakes District Hospital|741 Centre Street, PO Box 7500||Burns Lake|BC|V0J 1E0||Current|||||Hospital||Community Educational Facility|RACHELW|20190923185815|PLAN|20200724222036||Canada|ARLC10370|1015558.338|1025891.6094
RLC10366|Mackenzie and District Hospital|45 Centennial Drive, PO Box 249||Mackenzie|BC|V0J 2C0||Current|||||Hospital||Community Educational Facility|RACHELW|20190923185940|PLAN|20200724222036||Canada|ARLC10366|1183446.355|1152647.6488
RLC10365|Chetwynd Hospital|5500 Hospital Road, PO Box 507||Chetwynd|BC|V0C 1J0||Current|||||Hospital||Community Educational Facility|RACHELW|20190923190124|PLAN|20200724222036||Canada|ARLC10365|1272949.0505|1197416.6781
RLC10368|Fort Nelson General Hospital|5315 Liard Street, Bag 1000||Fort Nelson|BC|V0C 1R0||Current|||||Hospital||Community Educational Facility|RACHELW|20190923190332|PLAN|20200724222036||Canada|ARLC10368|1190499.6527|1540524.2307
RLC10374|Broadway Forensic Group|1090 West 8th Avenue, Unit 101||Vancouver|BC|V6H 1C4||Current|||||Hospital||HR|RACHELW|20190923202207|PLAN|20200724222036||Canada|ARLC10374|1209123.5717|476219.0051
RLC10375|VanPsych|601 West Broadway, Unit 400||Vancouver|BC|V5Z 4C2||Current|||||Hospital||HR|RACHELW|20190923202413|PLAN|20200724222036||Canada|ARLC10375|1209913.8863|476185.7852
RLC10376|Tzu Chi Institute|767 West 12th Avenue||Vancouver|BC|V5Z 1N1||Current|||"5002
5002"||Hospital||HR|GISSTUD1|20190923203718|PLAN|20200724222036||Canada|ARLC10376|1209681.0108|475849.6867
RLC10377|Vancouver General Hospital - Heather Pavilion East|700 West 10th Avenue||Vancouver|BC|V5Z 3N9||Current|||5007||Hospital||Clinical Academic Campus|GISSTUD1|20190923204124|PLAN|20200724222036||Canada|ARLC10377|1209752.4485|476017.6975
RLC10380|West Coast General Hospital|3949 Port Alberni Highway||Port Alberni|BC|V9Y 4S1||Current|||5123||Hospital||Community Educational Facility|RACHELW|20190923225358|PLAN|20200724222036||Canada|ARLC10380|1088720.2768|471014.6149
RLC10092|Survive & Thrive Applied Research|1652 Innovation Drive||Kelowna|BC|V1V 2Z6|and 1654 Innovation Dr|Current|||4037|Leased to UBC|Regional|||RACHELW|20190924214447|PLAN|20200724222036|STAR|Canada|ARLC10092|1473721.7815|570261.5346
RLC10378|UBC West Campus Lands|||Kelowna|BC|V1V 1V7||Current||||UBC (fee simple)|Regional|||RACHELW|20190924215933|PLAN|20200724222036||Canada|ARLC10378|1472685.5588|569638.0782
RLC10354|UBC Endowment Lands Ecological Reserve|||Vancouver|BC|V6T 1Z4||Current||||UBC (fee simple)|Regional|||RACHELW|20190924220322|PLAN|20200724222036||Canada|ARLC10354|1202526.4413|473745.7744
RLC10381|Centre for Gender & Sexual Health Equity|1190 Hornby Street|11th Floor|Vancouver|BC|V6Z 2K5||Current|||<Null>||Hospital||HR|RACHELW|20190925191009|PLAN|20200724222036||Canada|ARLC10381|1209132.9892|477805.135
RLC10382|Child Health BC|4088 Cambie Street, Unit 305||Vancouver|BC|V5Z 2X8||Current|||||Hospital||HR|RACHELW|20190925191221|PLAN|20200724222036||Canada|ARLC10382|1210172.4393|474631.2355
RLC10404|BC Women’s Hospital - Mental Health Pavillion|4500 Oak Street||Vancouver|BC|V6H 3N1||Current|||5058||Hospital||Clinical Academic Campus|NIKT|20200128230223|PLAN|20200724222036||Canada|ARLC10404|1209736.9441|474015.0522
RLC10383|Maples Adolescent Treatmnt Centre|3405 Willingdon Avenue||Burnaby|BC|V5C 3H4||Current|||||Hospital||HR|RACHELW|20190925192157|PLAN|20200724222036||Canada|ARLC10383|1218145.9798|475475.5429
RLC10405|BC Women’s Hospital - Shaughnessy AB Blocks|4500 Oak Street||Vancouver|BC|V6H 3N1||Current|||5059||Hospital||Clinical Academic Campus|NIKT|20200128233013|PLAN|20200724222036||Canada|ARLC10405|1209557.0492|474004.6739
RLC10384|Deeley Research Centre|2410 Lee Avenue|3rd Floor|Victoria|BC|V8R 6V5||Current|||5111||Hospital||HR|RACHELW|20190925215904|PLAN|20200724222036||Canada|ARLC10384|1198230.035|383573.3553
RLC10385|VCH Research Institute|2635 Laurel Street|6th Floor|Vancouver|BC|V5Z 1M9||Current|604-875-4111||5015||Hospital||HR|RACHELW|20190925220211|PLAN|20200724222036||Canada|ARLC10385|1209343.7773|475975.3208
RLC10408|BC Women’s Hospital - Shaughnessy C Block|4500 Oak Street||Vancouver|BC|V6H 3N1||Current|||5060||Hospital||Clinical Academic Campus|NIKT|20200128233220|PLAN|20200724222036||Canada|ARLC10408|1209591.7798|474024.0364
RLC10386|University of Victoria|3800 Finnerty Road, PO Box 1700 STN CSC||Victoria|BC|V8N 1M5||Current|250-721-7211|https://www.uvic.ca/|||Regional|University of Victoria|HR|RACHELW|20190927184815|PLAN|20200724222036|UVIC|Canada|ARLC10386|1199181.8848|387011.6673
RLC10387|Three Bridges Community Health Centre|1128 Hornby Street||Vancouver|BC|V6Z 2L4||Current|||||Hospital||HR|RACHELW|20191011174429|PLAN|20200724222036||Canada|ARLC10387|1209180.3028|477875.2033
RLC10388|Canadian Blood Services|4750 Oak Street||Vancouver|BC|V6H 2N9||Current|||||Hospital||HR|RACHELW|20191016164242|PLAN|20200724222036||Canada|ARLC10388|1209357.7713|473894.5511
