BLDG_UID,NAME,BLDG_CODE,CONSTR_STATUS,OCCU_DATE,BLDG_USAGE,BLDG_SEC_USAGE,JURISDICTION,NEIGHBOURHOOD,MANAGE_ORG,BLDG_STATE,GREEN_STATUS,CONSTR_TYPE,MAX_FLOORS,BLDG_HEIGHT,GBA,REC_IDS,HAS_SUBBLDGS,GEOM_SOURCE,NOTES,CREATED_USER,CREATED_DATE,LAST_EDITED_USER,LAST_EDITED_DATE,BLDG_FORM,BLDG_CONDITION,ACCESSIBILITY_RATING,BLDG_MAINTENANCE,BLDG_CLASS,PROPERTY_TYPE,LAT,LONG
VBL10404,Fraternity Village,FRAT,Complete,20040101,StudentHousing,,UBC,Academic,Non-UBC,Occupied,,Wood,5,,6503,921;922;924;925;926;927;928,1,,,,,TONYZ,20210520221449,AptLess5Storey,,,,B5,LeasedFromUBC,-123.238849,49.259653
VBL10405,Frederic Wood Theatre,FRWO,Complete,19630101,Services,Academic,UBC,Academic,UBC,Occupied,,Concrete,3,,2896,376;376-1,0,,,,,TONYZ,20210520221306,Unspecified,,,UBC,B1,,-123.256958,49.268053
VBL10407,AMS Nest,NEST,Complete,20150101,Services,,UBC,Academic,AMS,Occupied,LEED Platinum,Concrete,5,,20282,795,1,RW - PDF from Approved DP,,,,TONYZ,20210520221306,Unspecified,,,UBC,B1,,-123.249808,49.266562
VBL10409,Biological Sciences Building,BIOL,Complete,19570101,Academic,,UBC,Academic,UBC,Occupied,LEED Gold,Concrete,5,,19421,063;066;065;068;069;069-1;069-2,1,,,,,TONYZ,20210520221336,Unspecified,,,UBC,B2,,-123.251338,49.264469
VBL10411,Geography Building,GEOG,Complete,19250101,Academic,,UBC,Academic,UBC,Occupied,,Wood,3,,5497,401,0,,,,,TONYZ,20210520221336,Unspecified,,,UBC,B2,,-123.256128,49.265984
VBL10164,Granite Terrace,GRT1,Complete,20090902,Housing,Commercial,UNA,Wesbrook,UBCPT,Occupied,REAP Gold,Wood,5,18.6,10487,687,1,,new GBA taken from spreadsheet,GISSTUD2,20190717210931,TONYZ,20210520221449,Unspecified,,,,B5,,-123.236997,49.254831
VBL10300,Coast - Apartment East,COSE,Complete,20090603,Housing,,UNA,Chancellor,Private,Occupied,REAP Bronze,Concrete,8,,7188,832-2,0,,,GISSTUD2,20190514215824,TONYZ,20210520221449,Apt5StoreyPlus,,,,B5,,-123.252555,49.271045
VBL10303,Corus,CORS,Complete,20071129,Housing,,UNA,Chancellor,Private,Occupied,,Concrete,17,,14800,839,0,,new GBA taken from spreadsheet,,,TONYZ,20210520221449,Apt5StoreyPlus,,,,B5,,-123.249347,49.270653
VBL10304,West Mall Swing Space Building,SWNG,Complete,20060103,Academic,,UBC,Academic,UBC,Occupied,,Concrete,5,,5295,901,0,,,,,TONYZ,20210520221336,Unspecified,,,UBC,B2,,-123.254385,49.262795
VBL10305,Westpoint,WSPT,Complete,20081017,Housing,,UNA,Chancellor,Private,Occupied,,Concrete,7,,5145,841,0,,new GBA taken from spreadsheet,,,TONYZ,20210520221449,Apt5StoreyPlus,,,,B5,,-123.250471,49.270242
VBL10308,Acadia House,ACAH,Complete,19910101,StudentHousing,,UBC,Academic,SHHS,Occupied,,Wood,2,,2855,450-1;450-2;450-3,1,,,,,TONYZ,20210520221449,AptLess5Storey,,,UBC,B5,,-123.235908,49.26288
VBL10313,Panhellenic House,PANH,Complete,20040827,StudentHousing,,UBC,Academic,Non-UBC,Occupied,,Wood,5,,3149,918,0,,,,,TONYZ,20210520221449,AptLess5Storey,,,,B5,LeasedFromUBC,-123.239567,49.260104
VBL10314,Axis,AXIS,Complete,20130101,Housing,,UNA,Chancellor,Private,Occupied,REAP Gold,Concrete,16,,15941,819,0,RW - PDF from Approved DP,new GBA taken from spreadsheet,,,TONYZ,20210520221449,Apt5StoreyPlus,,,,B5,,-123.252233,49.270001
VBL10315,Morris and Helen Belkin Art Gallery,BART,Complete,19950101,Services,Academic,UBC,Academic,UBC,Occupied,,Steel,3,,1504,568,0,,,,,TONYZ,20210520221306,Unspecified,,,UBC,B1,,-123.25619,49.268169
VBL10321,Pine House,PINE,Complete,20180418,Housing,,UNA,Wesbrook,UBCPT,Occupied,LEED Gold,Wood,7,,7997,715,0,RW - PDF from Approved DP,,RACHELW,20180524222111,TONYZ,20210520221449,Apt5StoreyPlus,,,,B5,,-123.234274,49.251443
VBL10322,Cypress House,CYPR,Complete,20180418,Housing,,UNA,Wesbrook,UBCPT,Occupied,LEED Gold,Wood,7,,7319,714,0,RW - PDF from Approved DP,,RACHELW,20180528180304,TONYZ,20210520221449,Apt5StoreyPlus,,,,B5,,-123.23469,49.25194
VBL10372,Child Care Services - Saw-Whet,MCC1,Complete,20191129,Services,,UBC,Academic,SHHS,Occupied,,OtherMixed,1,,312,211,0,RW - PDF from Approved DP,,GISSTUD2,20190524184347,TONYZ,20210527173012,Unspecified,,,UBC,B2,,-123.236502,49.260393
VBL10373,Child Care Services - Barish,MCC2,Complete,20191129,Services,,UBC,Academic,SHHS,Occupied,,OtherMixed,1,,312,209,0,RW - PDF from Approved DP,,GISSTUD2,20190524184520,TONYZ,20210527173007,Unspecified,,,UBC,B2,,-123.235511,49.260469
VBL10379,Nobel House,NOBL,Complete,20141028,Housing,,UNA,Wesbrook,UBCPT,Occupied,REAP Gold,Wood,8,,9965,717,0,RW - PDF from Approved DP,new GBA taken from spreadsheet,,,TONYZ,20210520221449,Apt5StoreyPlus,,,,B5,,-123.233205,49.25084
VBL10403,MBA House,MBAH,Complete,20090713,StudentHousing,Commercial,UBC,Wesbrook,SHHS,Occupied,REAP Silver,Wood,4,,3575,694,0,,new GBA taken from spreadsheet,,,TONYZ,20210520221449,AptLess5Storey,,,UBC,B5,,-123.235169,49.253876
VBL10437,Acadia Park Residence - Fairview Place,APR3,Complete,19890101,StudentHousing,,UBC,Academic,SHHS,Occupied,,Wood,3,,1222,010-06,0,,GBA from OSIS,RACHELW,20200716183842,TONYZ,20210520221449,Duplex/Townhouse,,,UBC,B5,,-123.236838,49.263269
VBL10438,Acadia Park Residence - Yalta Place,APR6,Complete,19880101,StudentHousing,,UBC,Academic,SHHS,Occupied,,Wood,3,,1516,009-05;009-06;009-07;009-09;009-10;009-12;009-13,0,,GBA from OSIS,RACHELW,20200716183842,TONYZ,20210520221449,Duplex/Townhouse,,,UBC,B5,,-123.238234,49.26414
VBL10440,Acadia Park Residence - Pearkes Lane,APR4,Complete,19880101,StudentHousing,,UBC,Academic,SHHS,Occupied,,Wood,3,,1451,009-11;009-18;009-19,0,,GBA from OSIS,RACHELW,20200716183842,TONYZ,20210520221449,Duplex/Townhouse,,,UBC,B5,,-123.239427,49.264274
VBL10043,Gerald McGavin Building,GMCG,Complete,19950101,Administrative,,Non-UBC,Academic,UBCPT,Occupied,,Concrete,3,,3231,569,0,,,,,TONYZ,20210520221336,Unspecified,,,,B2,LeasedFromUBC,-123.246762,49.261791
VBL10069,Bioenergy Research and Demonstration Facility,BRDF,Complete,20120614,Operations,,UBC,Academic,UBC,Occupied,LEED Gold,Wood,2,,1950,019,0,Wayf/AH - PDF from Approved DP,,,,TONYZ,20210520221336,Unspecified,,,UBC,B2,,-123.254521,49.260296
VBL10165,The Mews,MEWS,Complete,20110131,Housing,Commercial,UNA,Wesbrook,UBCPT,Occupied,REAP Gold,Concrete,6,,7767,689,0,Wayf/AH - PDF from Approved DP,new GBA taken from spreadsheet,,,TONYZ,20210520221449,Apt5StoreyPlus,,,,B5,,-123.235711,49.254541
VBL10167,Yu,YU,Complete,20120921,Housing,,UNA,Wesbrook,Private,Occupied,REAP Gold,OtherMixed,7,,16095,695,0,RW - PDF from Approved DP,new GBA taken from spreadsheet,,,TONYZ,20210520221449,Apt5StoreyPlus,,,,B5,,-123.23605,49.25356
VBL10160,Legacy,LGCY,Complete,20061023,Housing,,UNA,Hawthorn,Private,Occupied,REAP Silver,Wood,6,14,7718,630,0,,new GBA taken from spreadsheet,,,TONYZ,20210520221449,AptLess5Storey,,,,B5,,-123.248008,49.257463
VBL10169,Pacific,PACC,Complete,20091113,Housing,,UNA,Wesbrook,Private,Occupied,REAP Gold,Wood,6,,7802,699,0,699-06-003 PACIFIC LOT 3 : SITE PLAN ,new GBA taken from spreadsheet,,,TONYZ,20210527185605,AptLess5Storey,,,,B5,,-123.234987,49.253278
VBL10170,Village Square,VSQU,Complete,20170808,Housing,Commercial,UNA,Wesbrook,UBCPT,Occupied,REAP Gold,Wood,8,,10013,691,0,AC - PDF from final DP,new GBA taken from spreadsheet,PLAN,20170914214526,TONYZ,20210520221449,Apt5StoreyPlus,,,,B5,,-123.236379,49.25396
VBL10171,Webber House,WEBH,Complete,20170512,Housing,,UNA,Wesbrook,UBCPT,Occupied,REAP Gold,Wood,8,,4256,693,0,AC PDF from DP,new GBA taken from spreadsheet,,,TONYZ,20210520221449,Apt5StoreyPlus,,,,B5,,-123.236801,49.25329
VBL10175,The Balmoral,BALM,Complete,19970708,Housing,,UNA,Hampton,Private,Occupied,,Concrete,21,,10636,508,0,,new GBA taken from spreadsheet,,,TONYZ,20210520221449,Apt5StoreyPlus,,,,B5,,-123.232724,49.258489
VBL10301,Walter H. Gage Residence - Gage Apartments,WGR2,Complete,19840101,StudentHousing,,UBC,Academic,SHHS,Occupied,LEED Gold,Concrete,5,,8046,874,0,,,GISSTUD2,20190514202740,RACHELW,20210906042659,AptLess5Storey,,,UBC,B5,,-123.249022,49.270145
VBL10396,Walter H. Gage Residence - West Coast Suites (Gage Court),WGR3,Complete,19720101,StudentHousing,,UBC,Academic,SHHS,Occupied,LEED Gold,Concrete,4,,3597,872-2,0,,,GISSTUD2,20190514202820,RACHELW,20210906042702,AptLess5Storey,,,UBC,B1,,-123.248586,49.269593
VBL10393,Walter H. Gage Residence - East Tower,WGR4,Complete,19720101,StudentHousing,,UBC,Academic,SHHS,Occupied,LEED Gold,Concrete,18,,9773,872-1,0,,,GISSTUD2,20190514202902,RACHELW,20210906042946,Apt5StoreyPlus,,,UBC,B5,,-123.249158,49.269645
VBL10394,Walter H. Gage Residence - North Tower,WGR5,Complete,19720101,StudentHousing,,UBC,Academic,SHHS,Occupied,LEED Gold,Concrete,18,,9772,869-3,0,,,GISSTUD2,20190514202933,RACHELW,20210906042949,Apt5StoreyPlus,,,UBC,B5,,-123.250029,49.269841
VBL10395,Walter H. Gage Residence - South Tower,WGR6,Complete,19720101,StudentHousing,,UBC,Academic,SHHS,Occupied,LEED Gold,Concrete,18,,9772,869-2,0,,,GISSTUD2,20190514203053,RACHELW,20210906042953,Apt5StoreyPlus,,,UBC,B5,,-123.24972,49.2692
VBL10354,UBC Exchange,TRAN,Complete,20170726,Operations,,Non-UBC,Academic,TransLink,Occupied,LEED Gold,Concrete,1,,19020,772,0,RW - PDF from Approved DP,,GISSTUD2,20190524190925,TONYZ,20210520221402,Parking,,,,B3,LeasedFromUBC,-123.247429,49.267759
VBL10191,Magnolia House,MAGN,Complete,20120101,Housing,,UNA,Wesbrook,UBCPT,Occupied,REAP Gold,Wood,5,,7617,713,0,,new GBA taken from spreadsheet,,,TONYZ,20210520221449,AptLess5Storey,,,,B5,,-123.233539,49.251541
VBL10070,David Strangway Building,STRG,Complete,20051223,Academic,Administrative,UBC,Academic,UBCPT,Occupied,,Concrete,6,,11090,199,0,,,,,RACHELW,20210906050806,Unspecified,,,UBC,B2,LeasedFromUBC,-123.246167,49.265838
VBL10062,Chemical and Biological Engineering Building,CHBE,Complete,20050906,Academic,,UBC,Academic,UBC,Occupied,,Concrete,7,,11723,300,0,,,,,RACHELW,20210812135151,Unspecified,,,UBC,B2,,-123.247066,49.262481
VBL10320,TRIUMF House,TRFH,Complete,20040310,Housing,,Non-UBC,EastCampus,Non-UBC,Occupied,,Wood,5,,1564,534,0,,,,,RACHELW,20210812200856,AptLess5Storey,,,,B1,LeasedFromUBC,-123.241171,49.262025
VBL10138,Old Administration Building,OAB,Complete,19240101,Administrative,,UBC,Academic,UBC,Occupied,,Wood,3,,2266,017,0,,,,,RACHELW,20210813020442,Unspecified,,,UBC,B2,,-123.255511,49.267105
VBL10125,Student Recreation Centre,SRC,Complete,19950101,Athletics,,UBC,Academic,Athletics,Occupied,,Concrete,2,,4963,774,0,,,,,RACHELW,20210918061618,Unspecified,,,UBC,B1,,-123.248976,49.268304
VBL10161,War Memorial Gymnasium,MGYM,Complete,19500101,Athletics,,UBC,Academic,Athletics,Occupied,,Concrete,5,,8945,428,0,,,,,RACHELW,20210918061619,Unspecified,,,UBC,B1,,-123.24767,49.266767
VBL10242,University Hill Secondary School,UHIL,Complete,19950101,Other,Services,Non-UBC,Wesbrook,VSB,Occupied,,Steel,3,,11835,590;590-1,0,,,,,TONYZ,20210923032418,Unspecified,,,,B2,LeasedFromUBC,-123.238731,49.254268
VBL10014,UBC Farm - Farm Centre,FRM1,Complete,19800101,Academic,,UBC,Academic,UBC,Occupied,,Wood,1,,194,389,0,,,GISSTUD2,20190514190813,TONYZ,20210923032418,Unspecified,,,UBC,B1,,-123.240127,49.251583
VBL10267,Place Vanier Residence - Dorothy Mawdsley House,VNR04,Complete,19600101,StudentHousing,,UBC,Academic,SHHS,Occupied,,Concrete,5,,2142,896-1,0,,,GISSTUD2,20190514205640,RACHELW,20210621011625,AptLess5Storey,,,UBC,B5,,-123.259492,49.26486
VBL10324,Buchanan Tower,BUTO,Complete,19720101,Academic,,UBC,Academic,UBC,Occupied,,Concrete,13,,9863,120,0,,,,,TONYZ,20210520221336,Unspecified,,,UBC,B2,,-123.253487,49.268579
VBL10109,Indian Residential School History and Dialogue Centre (IRSHDC),IRSC,Complete,20170621,Academic,,UBC,Academic,UBC,Occupied,,Concrete,2,8.4,606,514,0,RW - PDF from Approved DP,,PLAN,20170914214805,RACHELW,20210614233825,Unspecified,,,UBC,B1,,-123.253741,49.266994
VBL10419,UBC Botanical Garden - Shop/Gatehouse Entrance,BOT1,Complete,19900101,Services,,UBC,Academic,UBC,Occupied,,Wood,1,,150,097,0,,,RACHELW,20190828231732,RACHELW,20210702230906,Unspecified,,,UBC,B1,,-123.250549,49.254038
VBL10119,Forest Sciences Centre,FSC,Complete,19980101,Academic,,UBC,Academic,UBC,Occupied,,OtherMixed,6,,22459,353,0,,,,,RACHELW,20210702224038,Unspecified,,,UBC,B2,,-123.247827,49.260597
VBL10330,Civil and Mechanical Engineering Laboratories,CEML,Complete,19690101,Academic,,UBC,Academic,UBC,Occupied,,Concrete,2,,5616,305;307;309;511,1,,,RACHELW,20190207192637,TONYZ,20210520221336,Unspecified,,,UBC,B2,,-123.24934,49.263129
VBL10046,Public Safety Building - RCMP + Fire,PSAB,Complete,19820101,Services,,Non-UBC,Academic,Non-UBC,Occupied,,Concrete,3,,2935,852,0,,,,,TONYZ,20210923032418,Unspecified,,,,B2,LeasedFromUBC,-123.238113,49.258943
VBL10335,Old Auditorium,AUDI,Complete,19250101,Services,Academic,UBC,Academic,UBC,Occupied,,Wood,3,,2634,044,0,,RENEW,,,TONYZ,20210520221306,Unspecified,,,UBC,B1,,-123.256101,49.266902
VBL10329,Civil and Mechanical Engineering Building,CEME,Complete,19760101,Academic,,UBC,Academic,UBC,Occupied,,Concrete,3,,8773,306,0,,,,,TONYZ,20210520221336,Unspecified,,,UBC,B2,,-123.248881,49.262545
VBL10168,Wesbrook Community Centre,WCOM,Complete,20150910,Other,Services,UNA,Wesbrook,UNA,Occupied,LEED Gold,Concrete,2,,2913,697,0,RW - PDF from Approved DP,,,,TONYZ,20210923032418,Unspecified,,,,B2,,-123.237712,49.254008
VBL10340,Ultima,ULTM,Complete,20110516,Housing,,UNA,Wesbrook,Private,Occupied,REAP Gold,Wood,5,,5109,706,0,,new GBA taken from spreadsheet,,,TONYZ,20210520221449,AptLess5Storey,,,,B5,,-123.234399,49.25274
VBL10338,C.K. Choi Building,CHOI,Complete,19960101,Academic,,UBC,Academic,UBC,Occupied,,Wood,4,,2710,478,0,,,,,TONYZ,20210520221336,Unspecified,,,UBC,B2,,-123.257947,49.267262
VBL10345,Virtuoso,VIRT,Complete,20180125,Housing,,UNA,Wesbrook,Private,Occupied,REAP Gold,Wood,8,,10925,718,0,AC - PDF from Approved DP,,RACHELW,20180528180304,TONYZ,20210520221449,Apt5StoreyPlus,,,,B5,,-123.233967,49.250732
VBL10343,Ponderosa Office Annex B,PONB,Complete,19710101,Administrative,,UBC,Academic,UBC,Occupied,,Wood,2,,975,865-2,0,,,RACHELW,20190116175554,TONYZ,20210527170637,Unspecified,,,UBC,B2,,-123.255962,49.264844
VBL10348,Sing Tao Building,STAO,Complete,19970101,Academic,,UBC,Academic,UBC,Occupied,,Concrete,4,,1358,212,0,,,,,TONYZ,20210520221336,Unspecified,,,UBC,B2,,-123.257756,49.267833
VBL10351,Library PARC@UBC,PARC,Complete,20150828,Academic,,UBC,Academic,UBC,Occupied,LEED Gold,OtherMixed,2,12,2086,769,0,RW PDF from Approved DP,,,,TONYZ,20210520221336,Unspecified,,,UBC,B2,,-123.229708,49.245082
VBL10355,University Boulevard Lot,ULOT,Complete,20190107,Parking,Parking,UBC,Academic,Parking,Occupied,,Concrete,1,,6039,798,0,RW - PDF from Approved DP,,GISSTUD2,20190524190134,TONYZ,20210520221420,Parking,,,UBC,B4,,-123.248944,49.26672
VBL10356,Central,CNTL,Complete,20170529,Housing,Commercial,UNA,UBlvd,UBCPT,Occupied,REAP Gold Plus,Concrete,7,,7306,215,0,AC - PDF from final DP,new GBA taken from spreadsheet,PLAN,20170914214629,TONYZ,20210520221449,Unspecified,,,,B5,LeasedFromUBC,-123.247223,49.266336
VBL10357,Health Sciences Parkade,PARH,Complete,19800101,Parking,,UBC,Academic,Parking,Occupied,,Concrete,5,,31481,467,0,,,,,TONYZ,20210520221420,Parking,,,UBC,B4,,-123.247842,49.263405
VBL10278,David Lam Management Research Centre,DLAM,Complete,19920101,Academic,,UBC,Academic,UBC,Occupied,,Concrete,6,,5517,490;490-1;490-2,1,,,,,TONYZ,20210520221336,Unspecified,,,UBC,B2,,-123.25432,49.265712
VBL10359,Hennings Building,HENN,Complete,19450101,Academic,,UBC,Academic,UBC,Occupied,,Concrete,4,,11578,652;652-1,0,,,,,TONYZ,20210520221336,Unspecified,,,UBC,B2,,-123.252198,49.266445
VBL10327,Chemistry A Physics,CHPH,Complete,19890101,Academic,,UBC,Academic,UBC,Occupied,,Concrete,5,,7631,447,1,,,RACHELW,20190325220100,RACHELW,20210917234956,Unspecified,,,UBC,B2,,-123.251513,49.265736
VBL10108,Place Vanier Residence - Commonsblock,VNR03,Complete,19600101,Services,StudentHousing,UBC,Academic,SHHS,Occupied,,Concrete,3,,5074,544,1,,,GISSTUD2,20190514205559,RACHELW,20210621012451,Unspecified,,,UBC,B2,,-123.258583,49.26465
VBL10057,TRIUMF - Trailer RR,TRF26,Complete,20030101,Research,,Non-UBC,Academic,Non-UBC,Occupied,,OtherMixed,1,,94,850-1,0,,,GISSTUD2,20190514184356,RACHELW,20210709035559,Outbuildings,,,,B3,LeasedFromUBC,-123.230834,49.247137
VBL10063,TRIUMF - Trailer GG,TRF20,Complete,20030101,Research,,Non-UBC,Academic,Non-UBC,Occupied,,OtherMixed,1,,777,850-1,0,,,GISSTUD2,20190514183815,RACHELW,20210709035606,Outbuildings,,,,B3,LeasedFromUBC,-123.229348,49.246197
VBL10260,Acadia Park Residence - Highrise,APRH,Complete,19670101,StudentHousing,,UBC,Academic,SHHS,Occupied,,Concrete,13,,8556,002-1,0,,,GISSTUD2,20190704154828,TONYZ,20210520221449,Apt5StoreyPlus,,,UBC,B5,,-123.236813,49.26237
VBL10107,School of Population & Public Health,SPPH,Complete,19790101,Academic,,UBC,Academic,UBC,Occupied,,Concrete,5,,8280,513,0,,,,,TONYZ,20210520221336,Unspecified,,,UBC,B2,,-123.248416,49.26424
VBL10231,Totem Park Residence - Commonsblock,TPR1,Complete,19640101,Services,StudentHousing,UBC,Academic,SHHS,Occupied,,Concrete,3,,4664,540-1,1,,,GISSTUD2,20190514211559,RACHELW,20210729204104,Unspecified,,,UBC,B2,,-123.252981,49.25804
VBL10235,Museum of Anthropology,MOA,Complete,20090320,Services,Academic,UBC,Academic,UBC,Occupied,,Concrete,2,,11482,570;570-1;436;440,1,,,,,TONYZ,20210520221306,Unspecified,,,UBC,B1,,-123.259417,49.269507
VBL10422,Evolve,EVLV,UnderConstruction,,Housing,,UNA,Wesbrook,UBCPT,Unoccupied,,Wood,6,20.71,9575,703,0,,,GISSTUD1,20190926205639,TONYZ,20210520221449,Apt5StoreyPlus,,,,B5,,-123.233231,49.252338
VBL10147,Somerset,SOMS,Complete,20050826,Housing,,UNA,Hawthorn,Private,Occupied,,Wood,3,,7266,622;622-1;622-2;622-3;622-4;622-5;622-6;622-7;622-8;622-9,0,,new GBA taken from spreadsheet,,,TONYZ,20210520221449,Duplex/Townhouse,,,,B5,,-123.24813,49.256504
VBL10148,Reflections,REFL,Complete,20050628,Housing,,UNA,Hawthorn,Private,Occupied,,Wood,5,,8448,623,0,,new GBA taken from spreadsheet,,,TONYZ,20210520221449,AptLess5Storey,,,,B5,,-123.246886,49.258252
VBL10149,Promontory,PROM,Complete,20050408,Housing,,UNA,Hawthorn,Private,Occupied,,Concrete,20,,14935,626,0,,new GBA taken from spreadsheet,,,TONYZ,20210520221449,Apt5StoreyPlus,,,,B5,,-123.247569,49.25595
VBL10155,Berwick Child Development Centre,BERW,Complete,19760101,Administrative,,UBC,Academic,SHHS,Occupied,,Wood,1,,1598,858,0,,,,,TONYZ,20210520221449,Unspecified,,,UBC,B5,,-123.238932,49.260588
VBL10158,Nine on the Park,NINE,Complete,20071119,Housing,,UNA,Hawthorn,Private,Occupied,,Wood,4,,2027,628,0,,new GBA taken from spreadsheet,,,TONYZ,20210520221449,Duplex/Townhouse,,,,B5,,-123.247034,49.259327
VBL10159,Tamarack House,TAMK,Complete,20061201,Housing,,UNA,Hawthorn,UBCPT,Occupied,,Wood,5,,7659,629,0,,new GBA taken from spreadsheet,,,TONYZ,20210520221449,AptLess5Storey,,,,B5,,-123.246328,49.259596
VBL10092,Chan Gunn Pavilion,GUNN,Complete,20171027,Academic,Athletics,UBC,Academic,UBC,Occupied,LEED Gold,Concrete,2,10.26,1810,438,0,RW - PDF from Approved DP,,PLAN,20171102230832,TONYZ,20210520221336,Unspecified,,,UBC,B2,,-123.241655,49.260939
VBL10094,Medical Sciences Block C,MEDC,Complete,19610101,Academic,,UBC,Academic,UBC,Occupied,,Concrete,5,,4017,525-3;523-3,0,,,,,TONYZ,20210520221336,Unspecified,,,UBC,B2,,-123.247871,49.264969
VBL10095,Neville Scarfe Building,SCRF,Complete,19620101,Academic,,UBC,Academic,UBC,Occupied,,OtherMixed,6,,19366,232;233;234;240-1;240-2,1,,,,,TONYZ,20210520221336,Unspecified,,,UBC,B2,,-123.253091,49.263965
VBL10096,Dahlia House,DAHL,Complete,20120101,Housing,,UNA,Wesbrook,UBCPT,Occupied,REAP Gold,Wood,5,,5430,713-1,0,,new GBA taken from spreadsheet,,,TONYZ,20210520221449,AptLess5Storey,,,,B5,,-123.233927,49.252149
VBL10099,Hector J. MacLeod Building,MCLD,Complete,19630101,Academic,,UBC,Academic,UBC,Occupied,,Concrete,4,,7282,312,0,,,,,TONYZ,20210520221336,Unspecified,,,UBC,B2,,-123.249401,49.261716
VBL10101,Music Building,MUSC,Complete,19670101,Academic,,UBC,Academic,UBC,Occupied,,Concrete,4,,6593,575,0,,,,,TONYZ,20210520221306,Unspecified,,,UBC,B1,,-123.256781,49.267437
VBL10106,Sandringham,SAND,Complete,19940919,Housing,,UNA,Hampton,Private,Occupied,,Wood,3,,10588,500;500-1;500-2;500-3;500-4;500-5;500-6;500-7;500-8;500-9;500-10;500-11;500-12;500-13,0,,new GBA taken from spreadsheet,,,TONYZ,20210520221449,Duplex/Townhouse,,,,B5,,-123.233544,49.257847
VBL10110,Pharmaceutical Sciences Building,PHRM,Complete,20120817,Academic,,UBC,Academic,UBC,Occupied,LEED Gold,Concrete,8,,36137,527,0,Wayf/AH - PDF from Approved DP,,,,TONYZ,20210520221336,Unspecified,,,UBC,B2,,-123.243346,49.262279
VBL10112,Sitka,SITK,Complete,20120803,Housing,,UNA,EastCampus,Private,Occupied,REAP Gold,Concrete,15,,7646,550,0,Wayf/AH - PDF from Approved DP,new GBA taken from spreadsheet,,,TONYZ,20210520221449,Apt5StoreyPlus,,,,B5,,-123.241911,49.262882
VBL10113,Thunderbird Parkade,PART,Complete,20070119,Parking,,UBC,Academic,Parking,Occupied,,Concrete,5,,60060,551,0,,GBA from OSIS,,,TONYZ,20210520221420,Parking,,,UBC,B4,,-123.243062,49.261659
VBL10041,Sumac House,SUMA,Complete,20020101,Housing,,UNA,Hawthorn,UBCPT,Occupied,,Wood,5,,4329,154,0,,new GBA taken from spreadsheet,,,TONYZ,20210520221449,AptLess5Storey,,,,B5,,-123.250057,49.258279
VBL10042,Frederic Lasserre Building,LASR,Complete,19620101,Academic,,UBC,Academic,UBC,Occupied,,Concrete,5,,4572,028,0,,,,,TONYZ,20210520221336,Unspecified,,,UBC,B2,,-123.255979,49.267591
VBL10044,Frank Forward Building,FORW,Complete,19680101,Academic,,UBC,Academic,UBC,Occupied,,Concrete,6,,7542,562,0,,,,,TONYZ,20210520221336,Unspecified,,,UBC,B2,,-123.251692,49.26169
VBL10047,Hebb Building,HEBB,Complete,19640101,Academic,,UBC,Academic,UBC,Occupied,LEED Gold,Concrete,6,,5957,656,0,,,,,TONYZ,20210520221336,Unspecified,,,UBC,B2,,-123.251663,49.266129
VBL10060,HR MacMillan Building,MCML,Complete,19670101,Academic,,UBC,Academic,UBC,Occupied,,Concrete,4,,14342,386,0,,,,,TONYZ,20210520221336,Unspecified,,,UBC,B2,,-123.250746,49.261066
VBL10064,Wayne and William White Engineering Design Centre,EDC,Complete,20110808,Academic,,UBC,Academic,UBC,Occupied,,Concrete,3,14.27,1922,301,0,,,,,TONYZ,20210520221336,Unspecified,,,UBC,B2,,-123.248164,49.262333
VBL10075,Sopron House,SOPR,Complete,19910101,StudentHousing,,UBC,Academic,SHHS,Occupied,,Wood,4,,6587,451,1,,,,,TONYZ,20210520221449,AptLess5Storey,,,UBC,B5,,-123.23534,49.262179
VBL10080,Irving K. Barber Learning Centre,IBLC,Complete,19270101,Academic,,UBC,Academic,UBC,Occupied,,Concrete,5,,27316,516,0,,,,,TONYZ,20210520221306,Unspecified,,,UBC,B1,,-123.252738,49.267595
VBL10082,"Food, Nutrition and Health Building",FNH,Complete,20051223,Academic,,UBC,Academic,UBC,Occupied,,Concrete,4,,4292,449;449-1,1,,,,,TONYZ,20210520221336,Unspecified,,,UBC,B2,,-123.249744,49.264014
VBL10083,Continuing Studies Building,CSB,Complete,19970101,Academic,Administrative,UBC,Academic,UBC,Occupied,,OtherMixed,3,,3813,160,0,,,,,TONYZ,20210520221336,Unspecified,,,UBC,B2,,-123.255014,49.263338
VBL10084,Biomedical Research Centre,BRC,Complete,20050525,Academic,,UBC,Academic,UBC,Occupied,,Concrete,4,,4798,461,0,,,,,TONYZ,20210520221336,Unspecified,,,UBC,B2,,-123.247194,49.264116
VBL10085,Fred Kaiser Building,KAIS,Complete,20041012,Academic,,UBC,Academic,UBC,Occupied,,Concrete,5,,12792,313,0,,,,,TONYZ,20210520221336,Unspecified,,,UBC,B2,,-123.250082,49.262371
VBL10086,Beaty Biodiversity Centre,BETY,Complete,20090521,Academic,,UBC,Academic,UBC,Occupied,,Concrete,4,,11553,314,1,,,,,TONYZ,20210520221336,Unspecified,,,UBC,B2,,-123.250342,49.263424
VBL10087,Aquatic Ecosystems Research Laboratory,AERL,Complete,20050826,Academic,,UBC,Academic,UBC,Occupied,LEED Gold,Concrete,6,,5731,316,0,,,,,TONYZ,20210520221336,Unspecified,,,UBC,B2,,-123.250977,49.26376
VBL10090,UBC Tennis Centre,TENN,Complete,20110706,Athletics,,UBC,Academic,Athletics,Occupied,,Steel,2,,10661,432;433,1,,,,,TONYZ,20210520221306,Unspecified,,,UBC,B1,,-123.243836,49.259487
VBL10130,Dorothy Somerset Studios,DSOM,Complete,19250101,Academic,,UBC,Academic,UBC,Occupied,,Wood,2,,1823,320,0,,RENEW,,,TONYZ,20210520221306,Unspecified,,,UBC,B1,,-123.254584,49.264696
VBL10131,Douglas T. Kenny Building,KENN,Complete,19830101,Academic,,UBC,Academic,UBC,Occupied,,Concrete,4,,8742,732,0,,,,,TONYZ,20210520221336,Unspecified,,,UBC,B2,,-123.253841,49.263318
VBL10133,Azalea House,AZAL,Complete,20010101,Housing,,UNA,Hawthorn,UBCPT,Occupied,,Wood,3,,1313,152,0,,new GBA taken from spreadsheet,,,TONYZ,20210520221449,Duplex/Townhouse,,,,B5,,-123.249486,49.257895
VBL10134,B.C. Binning Studios,BINN,Complete,19250101,Academic,,UBC,Academic,UBC,Occupied,,Wood,2,,1501,324,0,,,,,TONYZ,20210520221336,Unspecified,,,UBC,B2,,-123.254871,49.264604
VBL10140,Child Care Services - Sitka/Discovery,CCS6,Complete,19890101,Services,,UBC,Academic,SHHS,Occupied,,Wood,1,,382,202,1,,,GISSTUD2,20190514224944,TONYZ,20210527173013,Unspecified,,,UBC,B2,,-123.234519,49.259762
VBL10141,Child Care Services - Summer of 73/Lilliput,CCS7,Complete,19890101,Services,,UBC,Academic,SHHS,Occupied,,Wood,1,,382,200,1,,,GISSTUD2,20190514225053,TONYZ,20210527173014,Unspecified,,,UBC,B2,,-123.23547,49.25945
VBL10142,Child Care Services - Tillicum/Canada Goose,CCS8,Complete,19890101,Services,,UBC,Academic,SHHS,Occupied,,Wood,1,,386,201,1,,,GISSTUD2,20190514225127,TONYZ,20210527173015,Unspecified,,,UBC,B2,,-123.234985,49.259596
VBL10143,Clement's Green,CLEM,Complete,20061127,Housing,,UNA,Hawthorn,Private,Occupied,REAP Silver,Wood,5,,6907,621,0,,new GBA taken from spreadsheet,,,TONYZ,20210520221449,AptLess5Storey,,,,B5,,-123.245831,49.25822
VBL10144,Hawthorn Green,HAWT,Complete,20040820,Housing,,UNA,Hawthorn,Private,Occupied,,Wood,3,,2051,618,0,,new GBA taken from spreadsheet,,,TONYZ,20210520221449,Duplex/Townhouse,,,,B5,,-123.248586,49.258174
VBL10145,Point Grey Apartments,PGRA,Complete,19930101,StudentHousing,,UBC,Academic,SHHS,Occupied,,Concrete,4,,7184,771,0,,,,,TONYZ,20210520221449,AptLess5Storey,,,UBC,B5,,-123.237998,49.259968
VBL10436,Acadia Park Residence - Tennis Crescent,APR5,Complete,19880101,StudentHousing,,UBC,Academic,SHHS,Occupied,,Wood,3,,841,009-08;010-07;010-08;010-09;010-10,0,,GBA from OSIS,RACHELW,20200716183842,TONYZ,20210520221449,Duplex/Townhouse,,,UBC,B5,,-123.237716,49.263483
VBL10402,Environmental Services Facility - Incinerator,ENV2,Complete,19690101,Operations,,UBC,Academic,UBC,Occupied,,Concrete,1,,104,470,0,,,GISSTUD2,20190513225618,TONYZ,20210527172535,Outbuildings,,,UBC,B3,,-123.229006,49.243679
VBL10406,Environmental Services Facility - PCB Equipment Storage,ENV5,Complete,19890101,Operations,,UBC,Academic,UBC,Temporary,,OtherMixed,1,,150,143,0,,,GISSTUD2,20190513230425,TONYZ,20210527172541,Outbuildings,,,UBC,B3,,-123.228049,49.243362
VBL10408,Environmental Services Facility - Natural Gas Station,ENV3,Complete,20141107,Operations,,UBC,Academic,UBC,Occupied,,OtherMixed,1,,65,146,0,,,GISSTUD2,20190513225734,TONYZ,20210527172539,Outbuildings,,,UBC,B3,,-123.228203,49.24362
VBL10410,Gas Gun Facility,GASG,Complete,19890101,Academic,,UBC,Academic,UBC,Occupied,,Wood,1,,203,394,0,,,,,TONYZ,20210520221336,Unspecified,,,UBC,B2,,-123.246052,49.256017
VBL10413,Environmental Services Facility - Solvent Storage Area,ENV6,Complete,19730101,Operations,,UBC,Academic,UBC,Occupied,,Concrete,1,,183,141,0,,,GISSTUD2,20190513230818,TONYZ,20210527172542,Outbuildings,,,UBC,B3,,-123.228605,49.243731
VBL10414,Granite Terrace - Commercial,GRT2,Complete,20090902,Commercial,,UNA,Wesbrook,UBCPT,Occupied,REAP Gold,Wood,3,,1281,686,0,,new GBA taken from spreadsheet,GISSTUD2,20190717210931,TONYZ,20210527185406,Unspecified,,,,B5,,-123.236109,49.255066
VBL10416,Vanier Pump Station,VNRP,Complete,19860101,Operations,,UBC,Academic,UBC,Occupied,,Concrete,1,,14,543,0,,,RACHELW,20190809163912,TONYZ,20210520221402,Outbuildings,,,UBC,B3,,-123.260266,49.26482
VBL10418,Cecil Green Squash Court,CGSQ,Complete,19290101,Athletics,,UBC,Academic,UBC,Occupied,,Wood,1,,167,422,0,,,RACHELW,20190827154245,TONYZ,20210520221402,Outbuildings,,,UBC,B3,,-123.257059,49.271421
VBL10129,Donald Rix Building,RIX,Complete,20000101,Administrative,Research,Non-UBC,Academic,UBCPT,Occupied,,Concrete,4,,5008,458,0,,,,,TONYZ,20210520221336,Unspecified,,,,B2,LeasedFromUBC,-123.2463,49.261972
VBL10103,Djavad Mowafaghian Centre for Brain Health,CBH,Complete,20131121,Services,Research,Non-UBC,Academic,VCH,Occupied,LEED Gold,Concrete,6,,13861,465,0,,Add GRP_ID,,,TONYZ,20210520221336,Unspecified,,,Shared,B2,LeasedFromUBC,-123.244569,49.264275
VBL10243,NRC Institute for Fuel Cell Innovation,NRC,Complete,20060606,Research,,Non-UBC,Academic,Non-UBC,Occupied,,Concrete,2,,6598,591,0,,GBA from RRS,,,TONYZ,20210520221336,Unspecified,,,,B2,LeasedFromUBC,-123.232287,49.245182
VBL10246,UBC Football Academic Centre,FOOT,Complete,20160205,Athletics,,UBC,Academic,Athletics,Occupied,,Wood,1,,161,437,0,,,,,TONYZ,20210520221336,Unspecified,,,UBC,B2,,-123.24502,49.255246
VBL10302,Vancouver School of Theology,VST,Complete,20041030,Other,,Non-UBC,Chancellor,Non-UBC,Occupied,,Concrete,5,,2553,838,0,,,,,TONYZ,20210520221449,Unspecified,,,,B5,LeasedFromUBC,-123.251044,49.270391
VBL10334,UBC Hospital - Detwiller Pavilion,DPAV,Complete,19680101,Services,Research,Non-UBC,Academic,VCH,Occupied,,Concrete,7,,12963,537;537-1,0,,,,,TONYZ,20210520221336,Unspecified,,,Shared,B2,LeasedFromUBC,-123.244471,49.26356
VBL10339,Campus Energy Centre,CEC,Complete,20160101,Operations,,UBC,Academic,UBC,Occupied,LEED Gold,Concrete,2,,2000,521,0,RW - PDF from Approved DP,,,,TONYZ,20210520221336,Unspecified,,,UBC,B2,,-123.245083,49.261648
VBL10114,St. Andrew's Hall,STH,Complete,19960101,Housing,,Non-UBC,Chancellor,Non-UBC,Occupied,,Wood,4,55,6774,817-1;817-2;817-3;817-4,1,,,GISSTUD2,20190514223621,TONYZ,20210520221449,AptLess5Storey,,,,B5,LeasedFromUBC,-123.251748,49.270143
VBL10117,Fraser Hall,FRAS,Complete,20060317,StudentHousing,,UBC,EastCampus,SHHS,Occupied,REAP Bronze,Wood,5,,1115,553,0,,new GBA taken from spreadsheet,,,TONYZ,20210520221449,AptLess5Storey,,,UBC,B5,,-123.240766,49.261506
VBL10120,Friedman Building,FRDM,Complete,19610101,Academic,,UBC,Academic,UBC,Occupied,LEED Gold,Concrete,5,,6073,525-2;523-2,0,,,,,TONYZ,20210520221336,Unspecified,,,UBC,B2,,-123.246237,49.265368
VBL10352,The Residences at Nobel Park - Townhouses,REN2,Complete,20201007,Housing,,UNA,Wesbrook,Private,Unoccupied,REAP Gold,Wood,3,,4269,721,0,RW - PDF from Approved DP,Wesbrook Place Lots 7 & 8,GISSTUD2,20190516182902,TONYZ,20210520221449,Duplex/Townhouse,,,,B5,,-123.236394,49.250915
VBL10065,UBC Bookstore,BOOK,Complete,20140328,Services,,UBC,Academic,UBC,Occupied,,Concrete,2,,7400,081;081-2,1,,,,,TONYZ,20210520221306,Unspecified,,,UBC,B1,,-123.250592,49.264988
VBL10066,The Brimacombe Building,BRIM,Complete,20170424,Academic,,UBC,Academic,UBC,Occupied,LEED Gold,Concrete,5,,13656,020-1;020,1,,,,,TONYZ,20210520221336,Unspecified,,,UBC,B2,,-123.248072,49.26186
VBL10068,Coal and Mineral Processing Laboratory,MINL,Complete,20110902,Academic,,UBC,Academic,UBC,Occupied,,Concrete,3,,1021,184;184-1,1,,,,,TONYZ,20210520221336,Unspecified,,,UBC,B2,,-123.252039,49.261169
VBL10071,UBC Aquatic Centre,AQUA,Complete,20161128,Athletics,,UBC,Academic,Athletics,Occupied,LEED Gold,Concrete,3,13.5,7400,213,0,RW - PDF from Approved DP,,,,TONYZ,20210520221306,Unspecified,,,UBC,B1,,-123.248595,49.267789
VBL10074,Spirit Park Apartments,SPPA,Complete,19930101,StudentHousing,,UBC,Academic,SHHS,Occupied,,Concrete,4,,6503,770-1;770-2;770-3,1,,,,,TONYZ,20210520221449,AptLess5Storey,,,UBC,B5,,-123.239374,49.261491
VBL10010,Greenwood Commons,GRWC,Complete,20070730,Housing,,UNA,EastCampus,UBCPT,Occupied,REAP Bronze,Wood,4,,5942,554-1-7;554-2;554-3;554-4;554-5;554-6;554-7,0,,There are plans to split this feature at some point (peter). new GBA taken from spreadsheet,,,TONYZ,20210520221449,Duplex/Townhouse,,,,B5,,-123.240072,49.260948
VBL10018,Larkspur House,LARK,Complete,20091030,Housing,,UNA,Wesbrook,UBCPT,Occupied,REAP Silver,Wood,5,14,5127,586,0,,new GBA taken from spreadsheet,,,TONYZ,20210520221449,AptLess5Storey,,,,B5,,-123.234055,49.25356
VBL10011,Vista Point,VIST,Complete,20131028,Housing,,UNA,EastCampus,UBCPT,Occupied,REAP Gold,OtherMixed,18,,8160,555,0,,new GBA taken from spreadsheet,,,TONYZ,20210520221449,Apt5StoreyPlus,,,,B5,,-123.240272,49.261694
VBL10039,George Cunningham Building,CUNN,Complete,19600101,Academic,,UBC,Academic,UBC,Occupied,,Concrete,4,,4900,624;625,0,,,,,TONYZ,20210520221336,Unspecified,,,UBC,B2,,-123.248746,49.264788
VBL10040,Keenleyside,KEEN,Complete,20080415,Housing,,UNA,Wesbrook,Private,Occupied,REAP Bronze,Wood,5,,8119,587,0,,new GBA taken from spreadsheet,,,TONYZ,20210520221449,AptLess5Storey,,,,B5,,-123.233169,49.253967
VBL10024,Power House,POWR,Complete,19250101,Operations,,UBC,Academic,UBC,Unoccupied,,Concrete,4,,2448,724;724-1;724-2;724-3;725,0,,,,,TONYZ,20210520221402,Unspecified,,,UBC,B3,,-123.254823,49.265221
VBL10025,TRIUMF - ARIEL,TRF01,Complete,20150801,Research,,Non-UBC,Academic,Non-UBC,Occupied,LEED Gold,Concrete,5,,3638,845,0,,,GISSTUD2,20190514180900,TONYZ,20210520221402,Unspecified,,,,B3,LeasedFromUBC,-123.229976,49.247701
VBL10026,TRIUMF - Badge Room,TRF04,Complete,20030101,Research,,Non-UBC,Academic,Non-UBC,Occupied,,OtherMixed,1,,26,854-2,0,,,GISSTUD2,20190514181157,TONYZ,20210520221402,Unspecified,,,,B3,LeasedFromUBC,-123.230295,49.247498
VBL10027,TRIUMF - Compressor Building,TRF05,Complete,20030101,Research,,Non-UBC,Academic,Non-UBC,Occupied,,Concrete,2,,511,842,0,,,GISSTUD2,20190514181238,TONYZ,20210520221402,Unspecified,,,,B3,LeasedFromUBC,-123.229909,49.246664
VBL10031,TRIUMF - ISAC 1,TRF09,Complete,19980101,Research,,Non-UBC,Academic,Non-UBC,Occupied,,Concrete,5,,14681,847,0,,,GISSTUD2,20190514181701,TONYZ,20210520221402,Unspecified,,,,B3,LeasedFromUBC,-123.229483,49.247869
VBL10032,TRIUMF - ISAC 2,TRF10,Complete,20030101,Research,,Non-UBC,Academic,Non-UBC,Occupied,,Concrete,5,,5958,847-1,0,,,GISSTUD2,20190514181825,TONYZ,20210520221402,Unspecified,,,,B3,LeasedFromUBC,-123.2294,49.248293
VBL10425,TRIUMF - Institute of Advanced Medical Isotopes (IAMI),TRF29,UnderConstruction,,Research,,Non-UBC,Academic,Non-UBC,Unoccupied,,Concrete,4,19,3400,887,0,,,GISSTUD1,20190925232729,TONYZ,20210520221402,Unspecified,,,,B3,LeasedFromUBC,-123.228275,49.246796
VBL10132,"TRIUMF - Offices, Laboratory & Workshops",TRF14,Complete,20030101,Research,,Non-UBC,Academic,Non-UBC,Occupied,,Steel,2,,3264,854,0,,,GISSTUD2,20190514182356,TONYZ,20210520221402,Unspecified,,,,B3,LeasedFromUBC,-123.230598,49.247655
VBL10186,Ambulance Station,AMBS,Complete,19910101,Services,,Non-UBC,Academic,Non-UBC,Occupied,,Wood,1,,211,539,0,,,,,TONYZ,20210520221336,Unspecified,,,,B2,LeasedFromUBC,-123.243597,49.263243
VBL10139,Old Fire Hall,FIRE,Complete,19260101,Operations,,UBC,Academic,UBC,Occupied,,Wood,2,,378,380,0,,,,,TONYZ,20210520221402,Unspecified,,,UBC,B3,,-123.255566,49.265032
VBL10203,Materials Recovery Facility,MARF,Complete,20170308,Operations,,UBC,Academic,UBC,Occupied,,Wood,1,,14,766,0,,,,,TONYZ,20210527172820,Outbuildings,,,UBC,B3,,-123.228539,49.245784
VBL10230,Nitobe Memorial Garden,NITO,Complete,19590101,Services,,UBC,Academic,UBC,Occupied,,Wood,1,,81,476,0,,,,,TONYZ,20210520221306,Outbuildings,,,UBC,B1,,-123.25919,49.26617
VBL10296,Robert F. Osborne Centre - Unit 2,OSB2,Complete,19720101,Academic,,UBC,Academic,UBC,Occupied,,Concrete,2,,2740,431,0,,,GISSTUD2,20190513235122,TONYZ,20210527173318,Unspecified,,,UBC,B2,,-123.244315,49.259976
VBL10337,Building Operations Nursery,BONR,Complete,20090101,Operations,,UBC,Academic,UBC,Occupied,,OtherMixed,1,,1316,768,0,,,,,TONYZ,20210520221402,Outbuildings,,,UBC,B3,,-123.229225,49.244432
VBL10364,In-Vessel Composting Facility,COMP,Complete,20040101,Operations,,UBC,Academic,UBC,Occupied,,Steel,1,,185,137,0,,,,,TONYZ,20210520221402,Outbuildings,,,UBC,B3,,-123.228014,49.244905
VBL10441,Recreation Centre North,RCN,PreConstruction,,Athletics,,UBC,Academic,,Unoccupied,,,,,,,,,,NIKT,20210323215825,NIKT,20210618183352,,,,,B2,,-123.25042,49.267983
VBL10442,UBC Gateway Building,GATE,PreConstruction,,Administrative,,UBC,Academic,,Unoccupied,,,,,,,,,,NIKT,20210323221220,NIKT,20210618183352,,,,,B2,,-123.246487,49.266758
VBL10443,BCR9,BCR9,PreConstruction,,Housing,,UBC,Wesbrook,,Unoccupied,,,,,,,,,,NIKT,20210323225715,NIKT,20210618183352,,,,,B5,,-123.232318,49.2525
VBL10268,Place Vanier Residence - Kootenay House,VNR05,Complete,19610101,StudentHousing,,UBC,Academic,SHHS,Occupied,,Concrete,5,,2122,548,0,,,GISSTUD2,20190514205714,RACHELW,20210621011627,AptLess5Storey,,,UBC,B5,,-123.257642,49.263871
VBL10399,Coast - Duplexes,COSD,Complete,20090101,Housing,,UNA,Chancellor,Private,Occupied,REAP Bronze,Wood,4,,3779,831-1;831-2;831-3;831-4;831-5,0,,Updated Footprint,GISSTUD2,20190514215501,TONYZ,20210520221449,Duplex/Townhouse,,,,B5,,-123.25321,49.271317
VBL10417,Thames Court - Building 1,THAC1,Complete,19920724,Housing,,UNA,Hampton,Private,Occupied,,Wood,5,,4978,502;502-13;502-14,0,,new GBA taken from spreadsheet,RACHELW,20190809165721,TONYZ,20210520221449,AptLess5Storey,,,,B5,,-123.235775,49.257255
VBL10005,UBC Botanical Garden - Workshop (Trailer),BOT6,Complete,19800101,Operations,,UBC,Academic,UBC,Occupied,,OtherMixed,1,,512,094,0,,,GISSTUD2,20190513202130,TONYZ,20210520221402,Outbuildings,,,UBC,B3,,-123.24764,49.254769
VBL10008,UBC Botanical Garden - Reception Centre,BOT3,Complete,19900101,Services,,UBC,Academic,UBC,Occupied,,Wood,1,,294,099,0,,,GISSTUD2,20190513201642,TONYZ,20210520221306,Unspecified,,,UBC,B1,,-123.251275,49.254155
VBL10003,UBC Botanical Garden - Garden Pavilion,BOT4,Complete,19810101,Services,,UBC,Academic,UBC,Occupied,,Wood,2,,337,091,0,,,GISSTUD2,20190513201149,TONYZ,20210520221306,Outbuildings,,,UBC,B1,,-123.247123,49.253259
VBL10019,Environmental Services Facility - Waste Processing & Storage,ENV7,Complete,19860101,Operations,,UBC,Academic,UBC,Occupied,,Concrete,1,,199,142,0,,,GISSTUD2,20190513231047,TONYZ,20210527172543,Outbuildings,,,UBC,B3,,-123.22872,49.243446
VBL10269,Place Vanier Residence - Korea House,VNR06,Complete,20030101,StudentHousing,,UBC,Academic,SHHS,Occupied,,Concrete,7,,4830,898,0,,,GISSTUD2,20190514205749,RACHELW,20210621011628,Apt5StoreyPlus,,,UBC,B5,,-123.260007,49.264615
VBL10270,Place Vanier Residence - Okanagan House,VNR08,Complete,19600101,StudentHousing,,UBC,Academic,SHHS,Occupied,,Concrete,5,,2123,552,0,,,GISSTUD2,20190514205917,RACHELW,20210621011628,AptLess5Storey,,,UBC,B5,,-123.257764,49.264345
VBL10434,Green College - Kitchen/Laundry,GRN2,Complete,19940101,StudentHousing,,UBC,Academic,SHHS,Occupied,,Wood,3,,794,414,0,,,RACHELW,20200623201237,RACHELW,20210621011634,AptLess5Storey,,,UBC,B5,,-123.255578,49.270989
VBL10415,Green College - A South,GRN3,Complete,19940101,StudentHousing,,UBC,Academic,SHHS,Occupied,,Wood,4,,1273,415,0,,,RACHELW,20190722222734,RACHELW,20210621011636,AptLess5Storey,,,UBC,B5,,-123.255231,49.270941
VBL10137,Tapestry at Wesbrook Village - Building 1,TAP1,Complete,20100604,Housing,Commercial,UNA,Wesbrook,Private,Occupied,,Concrete,7,22,14820,593-1,0,,new GBA taken from spreadsheet,GISSTUD2,20190514233927,TONYZ,20210520221449,Apt5StoreyPlus,,,,B5,,-123.235014,49.254742
VBL10172,Sail - Building 1,SAL1,Complete,20130101,Housing,,UNA,Wesbrook,Private,Occupied,REAP Platinum,Wood,7,,8503,705,0,,new GBA taken from spreadsheet,RACHELW,20190513220022,TONYZ,20210520221449,Apt5StoreyPlus,,,,B5,,-123.235232,49.252238
VBL10182,Tapestry at Wesbrook Village - Building 2,TAP2,Complete,20100604,Housing,Commercial,UNA,Wesbrook,Private,Occupied,,Concrete,7,23,4940,593-2,0,,new GBA taken from spreadsheet,GISSTUD2,20190514233927,TONYZ,20210520221449,Apt5StoreyPlus,,,,B5,,-123.234517,49.254147
VBL10183,Academy - Highrise,ACD1,Complete,20140107,Housing,,UNA,Wesbrook,Private,Occupied,REAP Gold,Concrete,20,53,12086,596,0,,new GBA taken from spreadsheet,GISSTUD2,20190514232634,TONYZ,20210520221449,Apt5StoreyPlus,,,,B5,,-123.233051,49.255577
VBL10250,Ritsumeikan-UBC House,RITS,Complete,19920101,StudentHousing,,UBC,Academic,SHHS,Occupied,,Wood,4,,6763,745,0,,,,,TONYZ,20210520221449,AptLess5Storey,,,UBC,B5,,-123.252997,49.260102
VBL10347,Cascara House,CSCA,Complete,20010101,Housing,,UNA,Hawthorn,UBCPT,Occupied,,Wood,5,,5484,153,0,,new GBA taken from spreadsheet,,,RACHELW,20210618210805,AptLess5Storey,,,,B5,,-123.249667,49.258468
VBL10397,Fraser River Parkade,PARF,Complete,19820101,Parking,,UBC,Academic,Parking,Occupied,,Concrete,5,,17170,052,0,,,,,RACHELW,20210622180057,Parking,,,UBC,B4,,-123.258042,49.266067
VBL10157,Old Barn Community Centre,OBCC,Complete,20070626,Other,Services,UNA,Hawthorn,UNA,Occupied,,Wood,2,,3234,627,0,,,,,RACHELW,20210622004113,Unspecified,,,,B2,,-123.248269,49.258911
VBL10054,Rose Garden Parkade,PARR,Complete,19940101,Parking,,UBC,Academic,Parking,Occupied,,Concrete,5,,23185,528,0,,,,,RACHELW,20210622180052,Parking,,,UBC,B4,,-123.256303,49.269111
VBL10374,Kids Club,KIDS,Complete,19850101,Services,,UBC,Academic,SHHS,Occupied,,OtherMixed,1,,475,013,0,,,,,RACHELW,20210621011548,Unspecified,,,UBC,B2,,-123.234805,49.261725
VBL10444,SBME,SBME,UnderConstruction,,Academic,,UBC,Academic,,Unoccupied,,,,,,,,,,NIKT,20210325152429,RACHELW,20210630214238,,,,,B2,,-123.24731,49.265635
VBL10401,Environmental Services Facility - Lab,ENV1,Complete,19940101,Operations,,UBC,Academic,UBC,Occupied,,OtherMixed,1,,39,138,0,,,GISSTUD2,20190513225451,TONYZ,20210527172538,Unspecified,,,UBC,B3,,-123.228656,49.243333
VBL10281,West Hampstead - Building 1,WHM1,Complete,19931208,Housing,,UNA,Hampton,Private,Occupied,,Wood,4,,5384,501-12,0,,new GBA taken from spreadsheet,GISSTUD2,20190514231435,TONYZ,20210520221449,AptLess5Storey,,,,B5,,-123.235241,49.257587
VBL10290,Chancellor Hall - Apartment,CHHA,Complete,20070529,Housing,,UNA,Chancellor,Private,Occupied,,Concrete,7,,5809,824,0,,new GBA taken from spreadsheet,GISSTUD2,20190514222145,TONYZ,20210520221449,AptLess5Storey,,,,B5,,-123.250461,49.271895
VBL10291,Folio - Duplexes,FOL3,Complete,20050101,Housing,,UNA,Chancellor,Private,Occupied,,Wood,4,,1944,827-1;827-2;827-3;827-4,0,,new GBA taken from spreadsheet,GISSTUD2,20190514222145,TONYZ,20210520221449,Duplex/Townhouse,,,,B5,,-123.250604,49.272415
VBL10309,Folio - Apartment,FOL1,Complete,20060101,Housing,,UNA,Chancellor,Private,Occupied,,Concrete,5,,6015,825;825-1;825-2,0,,new GBA taken from spreadsheet,GISSTUD2,20190514214608,TONYZ,20210520221449,AptLess5Storey,,,,B5,,-123.24975,49.272098
VBL10316,Folio - Townhouses,FOL2,Complete,20060101,Housing,,UNA,Chancellor,Private,Occupied,,Wood,4,,185,826,0,,new GBA taken from spreadsheet,GISSTUD2,20190514214608,TONYZ,20210520221449,Duplex/Townhouse,,,,B5,,-123.250191,49.272249
VBL10336,Prodigy - Building 2,PRD2,Complete,20161123,Housing,,UNA,Wesbrook,Private,Occupied,REAP Gold,Wood,8,,7163,711,0,,new GBA taken from spreadsheet,GISSTUD2,20190514235024,TONYZ,20210520221449,Apt5StoreyPlus,,,,B5,,-123.236605,49.251632
VBL10349,Prodigy - Building 1,PRD1,Complete,20161123,Housing,,UNA,Wesbrook,Private,Occupied,REAP Gold,Wood,8,,9960,711,0,,new GBA taken from spreadsheet,GISSTUD2,20190514235024,TONYZ,20210520221449,Apt5StoreyPlus,,,,B5,,-123.235957,49.251667
VBL10385,Chancellor House - Duplexes,CHOD,Complete,20050418,Housing,,UNA,Chancellor,Private,Occupied,,Wood,3,,1508,833;834;835,0,,new GBA taken from spreadsheet,GISSTUD2,20190514222957,TONYZ,20210520221449,Duplex/Townhouse,,,,B5,,-123.251856,49.27198
VBL10387,Chancellor House - Apartment,CHOA,Complete,20050418,Housing,,UNA,Chancellor,Private,Occupied,,Concrete,8,,6326,830;830-1;830-2;830-3;830-4,0,,new GBA taken from spreadsheet,GISSTUD2,20190514222957,TONYZ,20210520221449,AptLess5Storey,,,,B5,,-123.251437,49.27156
VBL10390,Sail - Building 2,SAL2,Complete,20140101,Housing,,UNA,Wesbrook,Private,Occupied,REAP Platinum,Wood,8,,6887,707,0,,new GBA taken from spreadsheet,RACHELW,20190513220102,TONYZ,20210520221449,Apt5StoreyPlus,,,,B5,,-123.235208,49.252624
VBL10398,West Hampstead - Townhouses,WHM2,Complete,19931208,Housing,,UNA,Hampton,Private,Occupied,,Wood,2,,6827,501;501-1;501-2;501-3;501-4;501-5;501-6;501-7;501-8;501-9;501-10;501-11,0,,new GBA taken from spreadsheet,GISSTUD2,20190514231435,TONYZ,20210520221449,Duplex/Townhouse,,,,B5,,-123.234582,49.257507
VBL10307,Doug Mitchell Thunderbird Sports Centre,THUN,Complete,20080703,Athletics,,UBC,Academic,Athletics,Occupied,,Wood,3,,36357,868;868-1,0,,,,,RACHELW,20210702230421,Unspecified,,,UBC,B1,,-123.241931,49.260341
VBL10102,P. A. Woodward Instructional Resources Centre,IRC,Complete,19720101,Academic,,UBC,Academic,UBC,Occupied,,Concrete,6,,10842,473;475,0,,,,,RACHELW,20210702231107,Unspecified,,,UBC,B2,,-123.246848,49.264822
VBL10346,Technology Enterprise Facility 3,TEF3,Complete,20030101,Administrative,Research,Non-UBC,Academic,UBCPT,Occupied,LEED Silver,Concrete,8,,14623,606,0,,,,,TONYZ,20210520221336,Unspecified,,,,B2,LeasedFromUBC,-123.246299,49.261156
VBL10388,UBC Hospital - Purdy Pavilion,PPAV,Complete,19770101,Services,Research,Non-UBC,Academic,VCH,Occupied,,Concrete,6,,16266,462,0,,,,,TONYZ,20210520221336,Unspecified,,,Shared,B2,LeasedFromUBC,-123.245959,49.26326
VBL10412,Gerald McGavin UBC Rugby Centre,RUGC,Complete,20130108,Athletics,,UBC,Academic,Athletics,Occupied,LEED Gold,Concrete,2,10,524,434,0,RW - PDF from Approved DP,,,,TONYZ,20210520221336,Unspecified,,,UBC,B2,,-123.241314,49.259582
VBL10292,Iona Building,IONA,Complete,19290101,Academic,StudentHousing,UBC,Chancellor,UBC,Occupied,,Concrete,8,,7298,836,1,,,,,RACHELW,20210702231149,Unspecified,,,UBC,B2,,-123.250309,49.270988
VBL10386,First Nations Longhouse,FNLH,Complete,19930101,Academic,,UBC,Academic,UBC,Occupied,,Wood,1,,2157,337,1,,,,,RACHELW,20210702231226,Unspecified,,,UBC,B2,,-123.25722,49.265559
VBL10424,Brock Commons South,BRCS,UnderConstruction,,Commons,,UBC,Academic,SHHS,Unoccupied,,Concrete,13,42.5,18884,,0,,,GISSTUD1,20190926224423,RACHELW,20210705161619,Apt5StoreyPlus,,,UBC,B5,,-123.252378,49.269067
VBL10311,Ponderosa Commons East - Audain Art Centre/Spruce House,PCE,Complete,20130926,Commons,,UBC,Academic,SHHS,Occupied,LEED Gold,Steel,17,51.5,10581,903,1,RW - PDF from Approved DP,,,,RACHELW,20210705161658,Apt5StoreyPlus,,,UBC,B5,,-123.25441,49.263781
VBL10312,Ponderosa Commons North - Oak/Cedar House,PCN,Complete,20150903,Commons,,UBC,Academic,SHHS,Occupied,LEED Gold,Steel,19,,27189,905,1,RW - PDF from Approved DP,,,,RACHELW,20210705161659,Apt5StoreyPlus,,,UBC,B5,,-123.256151,49.264092
VBL10429,Technology Enterprise Facility 4,TEF4,UnderConstruction,,Administrative,Commercial,Non-UBC,Academic,UBCPT,Unoccupied,LEED Gold,Concrete,13,53,22191,,0,,,RACHELW,20200203174759,TONYZ,20210520221336,Unspecified,,,,B2,LeasedFromUBC,-123.245773,49.261291
VBL10077,South Campus Warehouse,SCWH,Complete,19470101,Operations,,UBC,Academic,UBC,Occupied,,Wood,1,,2583,638,0,,,,,TONYZ,20210520221402,Unspecified,,,UBC,B3,,-123.231863,49.246256
VBL10123,Staging Environmental Research Centre,SERC,Complete,20100101,Operations,,UBC,Academic,UBC,Occupied,,Steel,1,,321,767,0,,,,,TONYZ,20210520221402,Outbuildings,,,UBC,B3,,-123.228053,49.245383
VBL10111,Life Sciences Centre,LSC,Complete,20040820,Academic,,UBC,Academic,UBC,Occupied,LEED Gold,Concrete,8,,59596,529,0,,GBA from OSIS,,,RACHELW,20210702224032,Unspecified,,,UBC,B2,,-123.245112,49.262548
VBL10248,UBC Life Building,LIFE,Complete,19680101,Academic,,UBC,Academic,UBC,Occupied,,Concrete,3,,20244,790;790-1;790-2,0,,,,,RACHELW,20210702224045,Unspecified,,,UBC,B2,,-123.250062,49.267434
VBL10104,Allard Hall,ALRD,Complete,20110829,Academic,,UBC,Academic,UBC,Occupied,LEED Gold,Concrete,5,,15000,482,1,,,,,RACHELW,20210702224049,Unspecified,,,UBC,B2,,-123.253297,49.270044
VBL10072,Earth Sciences Building,ESB,Complete,20120824,Academic,,UBC,Academic,UBC,Occupied,LEED Gold,Concrete,6,18.5,14963,225,0,RW - PDF from Approved DP,,,,RACHELW,20210702224114,Unspecified,,,UBC,B2,,-123.252187,49.263067
VBL10237,UBC Baseball Rose Indoor Training Centre,BTC,Complete,20150804,Athletics,,UBC,Academic,Athletics,Occupied,,Wood,2,,1224,862,0,AC - Ortho 2015 digitizing,,,,RACHELW,20210702224249,Unspecified,,,UBC,B2,,-123.239512,49.256214
VBL10091,National Soccer Development Centre,NSDC,Complete,20170602,Athletics,,UBC,Academic,Athletics,Occupied,LEED Gold,Concrete,3,,3510,435,0,AC - PDF from approved DP,,,,RACHELW,20210702224252,Unspecified,,,UBC,B2,,-123.239979,49.257149
VBL10342,Cecil Green Park House,CGPH,Complete,19110101,Services,,UBC,Academic,UBC,Occupied,,Wood,5,,2080,420,0,,,,,RACHELW,20210702224344,Unspecified,,,UBC,B2,,-123.25769,49.271387
VBL10279,St. Mark's Duplexes,STMD,Complete,20081110,Housing,,UNA,Chancellor,Private,Occupied,,Wood,4,,1727,827-5;827-6;827-7;827-8,0,,new GBA taken from spreadsheet,,,TONYZ,20210520221449,Duplex/Townhouse,,,,B5,,-123.249405,49.272739
VBL10280,Esse,ESSE,Complete,20050811,Housing,,UNA,Chancellor,Private,Occupied,,Wood,4,,2534,808,0,,new GBA taken from spreadsheet,,,TONYZ,20210520221449,Duplex/Townhouse,,,,B5,,-123.24831,49.271197
VBL10282,Chan Centre for the Performing Arts,CHAN,Complete,19970101,Services,Academic,UBC,Academic,UBC,Occupied,,Concrete,6,,8214,130,0,,,,,TONYZ,20210520221306,Unspecified,,,UBC,B1,,-123.25511,49.269771
VBL10093,Leon and Thea Koerner University Centre,UCEN,Complete,20080829,Academic,,UBC,Academic,UBC,Occupied,,Concrete,3,,4022,344;344-1;345,1,,,,,RACHELW,20210702224530,Unspecified,,,UBC,B2,,-123.257219,49.268895
VBL10013,"Orchard Commons - Vantage College, Bartlett/Braeburn House",ORCH,Complete,20160715,Commons,,UBC,Academic,SHHS,Occupied,LEED Gold,Concrete,20,45,41023,557,1,RW - PDF from Approved DP,GBA from OSIS,,,RACHELW,20210702224535,Apt5StoreyPlus,,,UBC,B5,,-123.251332,49.260465
VBL10154,Walter C. Koerner Library,KLIB,Complete,19720101,Academic,,UBC,Academic,UBC,Occupied,,Concrete,7,,17777,515;515-1,1,,,GISSTUD1,20180319192303,RACHELW,20210702224756,Unspecified,,,UBC,B2,,-123.255156,49.266656
VBL10177,Liu Institute for Global Issues,LIU,Complete,20000101,Academic,,UBC,Academic,UBC,Occupied,,Concrete,4,,1713,496,0,,,,,RACHELW,20210702224847,Unspecified,,,UBC,B2,,-123.259267,49.267549
VBL10323,Buchanan Building,BUCH,Complete,19580101,Academic,,UBC,Academic,UBC,Occupied,LEED Gold,Concrete,5,,21868,121-1;121-2;121-3;122-1;122-2,1,,,,,RACHELW,20210702224908,Unspecified,,,UBC,B2,,-123.254441,49.268701
VBL10286,The Bristol,BRIS,Complete,19951109,Housing,,UNA,Hampton,Private,Occupied,,Wood,5,,12635,505,0,,new GBA taken from spreadsheet,,,TONYZ,20210520221449,AptLess5Storey,,,,B5,,-123.235006,49.258841
VBL10283,West Mall Annex,WMAX,Complete,19690101,Academic,,UBC,Academic,UBC,Occupied,,Wood,2,,1962,863-1,0,,,,,TONYZ,20210520221336,Unspecified,,,UBC,B2,,-123.257156,49.26625
VBL10284,West Parkade,PARW,Complete,19920101,Parking,,UBC,Academic,Parking,Occupied,,Concrete,12,,34775,900,0,,GBA from OSIS,,,TONYZ,20210520221420,Parking,,,UBC,B4,,-123.255016,49.262597
VBL10287,The Regency,REGE,Complete,19991224,Housing,,UNA,Hampton,Private,Occupied,,Concrete,20,,11905,507,0,,new GBA taken from spreadsheet,,,TONYZ,20210520221449,Apt5StoreyPlus,,,,B5,,-123.232862,49.259107
VBL10288,Argyll House East,ARGE,Complete,20060929,Housing,,UNA,Chancellor,Private,Occupied,,Concrete,8,,6878,810,0,,new GBA taken from spreadsheet,,,TONYZ,20210520221449,Apt5StoreyPlus,,,,B5,,-123.249551,49.271406
VBL10289,Stirling House,STIR,Complete,20080730,Housing,,UNA,Chancellor,Private,Occupied,REAP Bronze,Wood,9,,4788,818,0,,new GBA taken from spreadsheet,,,TONYZ,20210520221449,Apt5StoreyPlus,,,,B5,,-123.252469,49.270476
VBL10079,Thunderbird Residence - Cassiar,THR1,Complete,19950101,StudentHousing,,UBC,Academic,SHHS,Occupied,,Concrete,4,,21101,780;780-1,0,,,GISSTUD2,20190514195608,RACHELW,20210621011553,AptLess5Storey,,,UBC,B5,,-123.246685,49.260243
VBL10089,Marine Drive Residence - 5,MAR5,Complete,20070831,StudentHousing,,UBC,Academic,SHHS,Occupied,,Concrete,18,,12011,377-5,0,,,GISSTUD2,20190514211122,RACHELW,20210621011554,Apt5StoreyPlus,,,UBC,B5,,-123.254905,49.261115
VBL10098,Thunderbird Residence - Monashee,THR2,Complete,19950101,StudentHousing,,UBC,Academic,SHHS,Occupied,,Concrete,4,,5213,781;781-1,0,,,GISSTUD2,20190514195735,RACHELW,20210621011554,AptLess5Storey,,,UBC,B5,,-123.247557,49.259933
VBL10293,Wyndham Hall,WYND,Complete,19971126,Housing,,UNA,Hampton,Private,Occupied,,Wood,6,,4823,506-2,0,,new GBA taken from spreadsheet,,,TONYZ,20210520221449,AptLess5Storey,,,,B5,,-123.234172,49.259327
VBL10295,Acadia Park Residence - President's Row,APRP,Complete,19580101,StudentHousing,,UBC,Academic,SHHS,Occupied,,Wood,13,,1784,014-1;014-3;014-2,0,,,GISSTUD2,20190704154828,TONYZ,20210520221449,Duplex/Townhouse,,,UBC,B5,,-123.238984,49.265326
VBL10297,Coast - Apartment West,COSW,Complete,20090603,Housing,,UNA,Chancellor,Private,Occupied,REAP Bronze,Concrete,8,,5600,832-1,0,,,GISSTUD2,20190514215933,TONYZ,20210520221449,Apt5StoreyPlus,,,,B5,,-123.253207,49.270742
VBL10298,Argyll House West,ARGW,Complete,20060519,Housing,,UNA,Chancellor,Private,Occupied,,Concrete,8,,6921,837,0,,new GBA taken from spreadsheet,,,TONYZ,20210520221449,Apt5StoreyPlus,,,,B5,,-123.251327,49.270788
VBL10353,The Residences at Nobel Park - Apartment,REN1,Complete,20201007,Housing,,UNA,Wesbrook,Private,Unoccupied,REAP Gold,Concrete,17,,25009,721,0,RW - PDF from Approved DP,Wesbrook Place Lots 7 & 8,GISSTUD2,20190516182929,TONYZ,20210520221449,Apt5StoreyPlus,,,,B5,,-123.235007,49.250613
VBL10253,Thames Court - Townhouses,THAC2,Complete,19920724,Housing,,UNA,Hampton,Private,Occupied,,Wood,2,,8816,502-1;502-2;502-3;502-4;502-5;502-6;502-7;502-8;502-9;502-10;502-11;502-12;502-15;502-16;502-17,0,,new GBA taken from spreadsheet,,,TONYZ,20210520221449,Duplex/Townhouse,,,,B5,,-123.236162,49.257073
VBL10201,Mary Bollert Hall,MBOL,Complete,19500101,Academic,,UBC,Academic,UBC,Occupied,,Concrete,3,,1318,614,0,,,,,TONYZ,20210520221336,Unspecified,,,UBC,B2,,-123.25602,49.270572
VBL10204,Anthropology and Sociology Building,ANSO,Complete,19750101,Academic,,UBC,Academic,UBC,Occupied,,Concrete,4,,6220,048;876-1;876-2;880,1,,,,,TONYZ,20210520221336,Unspecified,,,UBC,B2,,-123.257691,49.270316
VBL10206,The Stratford,STRA,Complete,19980717,Housing,,UNA,Hampton,Private,Occupied,,Concrete,13,,6848,506-1,0,,new GBA taken from spreadsheet,,,TONYZ,20210520221449,Apt5StoreyPlus,,,,B5,,-123.233455,49.259635
VBL10209,Theatre-Film Production Building,TFPB,Complete,19250101,Academic,,UBC,Academic,UBC,Occupied,,Wood,2,,772,036;036-1,0,,,,,TONYZ,20210520221336,Unspecified,,,UBC,B2,,-123.253928,49.263869
VBL10121,Thunderbird Residence - Coast,THR4,Complete,19950101,StudentHousing,,UBC,Academic,SHHS,Occupied,,Concrete,4,,5163,783;783-1,0,,,GISSTUD2,20190514200023,RACHELW,20210621011600,AptLess5Storey,,,UBC,B5,,-123.250361,49.25897
VBL10122,Thunderbird Residence - Hazelton,THR5,Complete,19950101,StudentHousing,,UBC,Academic,SHHS,Occupied,,Concrete,4,,5615,780;780-1,0,,,GISSTUD2,20190514200510,RACHELW,20210621011601,AptLess5Storey,,,UBC,B5,,-123.250846,49.259569
VBL10174,Green College - B East,GRN5,Complete,19940101,StudentHousing,,UBC,Academic,SHHS,Occupied,,Wood,4,,1181,416,0,,,GISSTUD2,20190514204533,RACHELW,20210621011604,AptLess5Storey,,,UBC,B5,,-123.25601,49.270843
VBL10176,Green College - D Coach House,GRN6,Complete,19300101,StudentHousing,Other,UBC,Academic,SHHS,Occupied,,Wood,3,,104,412,0,,,GISSTUD2,20190606173848,RACHELW,20210621011607,Unspecified,,,UBC,B5,,-123.256534,49.271144
VBL10180,Green College - Guest House,GRN9,Complete,19940101,StudentHousing,Housing,UBC,Academic,SHHS,Occupied,,Wood,3,,237,417,0,,,GISSTUD2,20190514204656,RACHELW,20210621011608,AptLess5Storey,,,UBC,B5,,-123.256515,49.27086
VBL10190,Green College - Principal's Residence,GRN10,Complete,19940101,StudentHousing,Other,UBC,Academic,SHHS,Occupied,,Wood,3,,302,419,0,,,GISSTUD2,20190514204818,RACHELW,20210621011608,Duplex/Townhouse,,,UBC,B5,,-123.256949,49.270911
VBL10194,Green College - A North,GRN1,Complete,19940101,StudentHousing,,UBC,Academic,SHHS,Occupied,,Wood,3,,794,413,0,,,GISSTUD2,20190514204242,RACHELW,20210621011610,AptLess5Storey,,,UBC,B5,,-123.255667,49.271155
VBL10252,The Leonard S. Klinck Building,LSK,Complete,19470101,Academic,,UBC,Academic,UBC,Occupied,,Concrete,5,,10194,308;308-1,0,,,,,TONYZ,20210520221336,Unspecified,,,UBC,B2,,-123.255334,49.265432
VBL10198,Fairview Crescent Residence - Building 2,FAR2,Complete,19850101,StudentHousing,,UBC,Academic,SHHS,Occupied,,Wood,4,,9047,007-25;007-24;007-23;007-22;007-21;007-20;007-19;007-18;007-17;007-16;007-15;007-14;007-13;007-12;007-11,0,,,GISSTUD2,20190606184915,TONYZ,20210520221449,Duplex/Townhouse,,,UBC,B5,,-123.239796,49.263001
VBL10199,Academy - Townhouses,ACD2,Complete,20140107,Housing,,UNA,Wesbrook,Private,Occupied,REAP Gold,Concrete,2,,732,596,0,,new GBA taken from spreadsheet,GISSTUD2,20190514232634,TONYZ,20210520221449,Duplex/Townhouse,,,,B5,,-123.232786,49.255183
VBL10210,Binning Tower - Highrise,BINH,Complete,20160505,Housing,,UNA,Wesbrook,Private,Occupied,REAP Gold,Concrete,23,65,17684,598,0,RW - PDF from Approved DP,new GBA taken from spreadsheet,GISSTUD2,20190516172718,TONYZ,20210520221449,Apt5StoreyPlus,,,,B5,,-123.231374,49.255441
VBL10241,The Laureates - Highrise,LAR1,Complete,20161223,Housing,,UNA,Wesbrook,Private,Occupied,REAP Gold,Concrete,25,,17190,589-1,0,,,GISSTUD2,20190514233055,TONYZ,20210520221449,Apt5StoreyPlus,,,,B5,,-123.230797,49.254108
VBL10244,Eton - Townhouses,ETN3,Complete,20190226,Housing,,UNA,Wesbrook,Private,Occupied,REAP Gold,Concrete,2,,1252,592,0,RW - PDF from Approved DP,,GISSTUD2,20190516182100,TONYZ,20210520221449,Duplex/Townhouse,,,,B5,,-123.231519,49.253536
VBL10261,The Laureates - Apartment,LAR2,Complete,20170131,Housing,,UNA,Wesbrook,Private,Occupied,REAP Gold,Wood,7,,5196,589-2,0,,,GISSTUD2,20190514233136,TONYZ,20210520221449,Apt5StoreyPlus,,,,B5,,-123.231755,49.254211
VBL10264,Ivy on the Park - Townhouses,IVYT,UnderConstruction,,Housing,,UNA,Wesbrook,Private,Unoccupied,REAP Gold Plus,Concrete,4,,3929,597,0,RW - PDF from Approved DP,Wesbrook Place Lot 8,GISSTUD2,20190516173521,TONYZ,20210520221449,Duplex/Townhouse,,,,B5,,-123.231834,49.254768
VBL10265,Ivy on the Park - Highrise,IVYH,UnderConstruction,,Housing,,UNA,Wesbrook,Private,Unoccupied,REAP Gold Plus,Concrete,22,65,17992,597,0,RW - PDF from Approved DP,Wesbrook Place Lot 8,GISSTUD2,20190516173353,TONYZ,20210520221449,Apt5StoreyPlus,,,,B5,,-123.230999,49.254718
VBL10271,Chancellor Hall - Townhouses,CHHT,Complete,20070101,Housing,,UNA,Chancellor,Private,Occupied,,Wood,4,,364,823,0,,new GBA taken from spreadsheet,GISSTUD2,20190514222145,TONYZ,20210520221449,Duplex/Townhouse,,,,B5,,-123.250355,49.272187
VBL10277,Coast - Townhouses,COST,Complete,20090101,Housing,,UNA,Chancellor,Private,Occupied,REAP Bronze,Wood,3,,710,832-3,0,,,GISSTUD2,20190514215859,TONYZ,20210520221449,Duplex/Townhouse,,,,B5,,-123.253054,49.271069
VBL10184,The Wesbrook - Highrise,WSB1,Complete,20090101,Housing,,UNA,Wesbrook,Private,Occupied,REAP Silver,Concrete,19,,11612,594,0,,new GBA taken from spreadsheet,GISSTUD2,20190514231851,TONYZ,20210520221449,Apt5StoreyPlus,,,,B5,,-123.234509,49.255096
VBL10187,Sage - Highrise,SAG1,Complete,20110704,Housing,,UNA,Wesbrook,Private,Occupied,REAP Silver,Concrete,22,53,12230,595,0,Wayf/AH - PDF from Approved DP,new GBA taken from spreadsheet,GISSTUD2,20190514232334,TONYZ,20210520221449,Apt5StoreyPlus,,,,B5,,-123.233708,49.255264
VBL10188,Sage - Townhouses,SAG2,Complete,20110704,Housing,,UNA,Wesbrook,Private,Occupied,REAP Silver,Concrete,2,,1514,595,0,Wayf/AH - PDF from Approved DP,new GBA taken from spreadsheet,GISSTUD2,20190514232334,TONYZ,20210520221449,Duplex/Townhouse,,,,B5,,-123.233501,49.254987
VBL10193,Fairview Crescent Residence - Building 1,FAR1,Complete,19850101,StudentHousing,,UBC,Academic,SHHS,Occupied,,Wood,4,,11023,007-35;007-34;007-33;007-32;007-31;007-30;007-29;007-28;007-27;007-26;007-10;007-07;007-06;007-05;007-04;007-09;007-08;007-03;007-02;007-01,1,,,GISSTUD2,20190606184915,TONYZ,20210520221449,Duplex/Townhouse,,,UBC,B5,,-123.239653,49.26332
VBL10254,The Chatham,CHAT,Complete,19950427,Housing,,UNA,Hampton,Private,Occupied,,Concrete,20,,11069,504,0,,new GBA taken from spreadsheet,,,TONYZ,20210520221449,Apt5StoreyPlus,,,,B5,,-123.236175,49.258692
VBL10256,Robert H. Lee Alumni Centre,ALUM,Complete,20150422,Services,,UBC,Academic,Alumni,Occupied,LEED Gold,Concrete,4,,3885,797,0,RW - PDF from Approved DP,,,,TONYZ,20210520221306,Unspecified,,,,B1,,-123.249909,49.265946
VBL10262,Woodward Library,WLIB,Complete,19640101,Academic,,UBC,Academic,UBC,Occupied,,Concrete,4,,7695,536;536-1,0,,,,,TONYZ,20210520221336,Unspecified,,,UBC,B2,,-123.24757,49.264563
VBL10427,Conservatory - Highrise,CSY2,PreConstruction,,Housing,,UNA,Wesbrook,Private,Unoccupied,REAP Gold,Concrete,20,59,16729,603,0,,,RACHELW,20200203175521,TONYZ,20210520221449,Apt5StoreyPlus,,,,B5,,-123.231514,49.256042
VBL10428,Conservatory - Townhouses,CSY1,PreConstruction,,Housing,,UNA,Wesbrook,Private,Unoccupied,REAP Gold,Concrete,3,,757,603-1,0,,,RACHELW,20200203175430,TONYZ,20210520221449,Duplex/Townhouse,,,,B5,,-123.232103,49.255839
VBL10213,Mundell House,MUNH,Complete,20200716,Housing,,UNA,Wesbrook,UBCPT,Unoccupied,REAP Gold,Wood,6,,11378,698,0,MM - PDF from Approved DP,Wesbrook Place Lot 4,GISSTUD2,20190515161558,TONYZ,20210520221449,Apt5StoreyPlus,,,,B5,,-123.236053,49.252946
VBL10232,Focal,FOCL,Complete,20200417,Housing,Commercial,UNA,UBlvd,UBCPT,Unoccupied,REAP Gold,Concrete,6,,7049,216,0,RW - PDF from Approved DP,UBlvd Site D,GISSTUD2,20190524191045,TONYZ,20210520221449,Unspecified,,,,B5,LeasedFromUBC,-123.248432,49.266181
VBL10266,Wesbrook Building,WESB,Complete,19490101,Academic,,UBC,Academic,UBC,Occupied,,Concrete,5,,10664,864;867,0,,,,,TONYZ,20210520221336,Unspecified,,,UBC,B2,,-123.249156,49.265251
VBL10200,Green College - Admin,GRN4,Complete,19940101,StudentHousing,Administrative,UBC,Academic,SHHS,Occupied,,Wood,2,,187,418,0,,,GISSTUD2,20190514204410,RACHELW,20210621011621,Unspecified,,,UBC,B5,,-123.256308,49.270987
VBL10273,Child Care Services - Kittiwake/Salal,CCS2,Complete,20080101,Services,,UBC,Academic,SHHS,Occupied,,Wood,1,,851,205,1,,,GISSTUD2,20190514224714,TONYZ,20210527173008,Unspecified,,,UBC,B2,,-123.235278,49.259997
VBL10274,Child Care Services - Little Goslings/Coho,CCS3,Complete,19890101,Services,,UBC,Academic,SHHS,Occupied,,Wood,1,,319,203,1,,,GISSTUD2,20190514224753,TONYZ,20210527173010,Unspecified,,,UBC,B2,,-123.234048,49.25992
VBL10275,Child Care Services - Little Raven/Pacific Spirit,CCS4,Complete,19890101,Services,,UBC,Academic,SHHS,Occupied,,Wood,1,,482,204,1,,,GISSTUD2,20190514224825,TONYZ,20210527173010,Unspecified,,,UBC,B2,,-123.233802,49.260216
VBL10276,Child Care Services - Sandpiper/Auklet,CCS5,Complete,20080101,Services,,UBC,Academic,SHHS,Occupied,,Wood,1,,767,206,1,,,GISSTUD2,20190514224909,TONYZ,20210527173011,Unspecified,,,UBC,B2,,-123.234743,49.26026
VBL10215,Thunderbird Residence - Selkirk,THR3,Complete,19950101,StudentHousing,,UBC,Academic,SHHS,Occupied,,Concrete,4,,5117,782;782-1;782-A,1,,Dif shape on CAD,GISSTUD2,20190514200330,RACHELW,20210621011622,AptLess5Storey,,,UBC,B5,,-123.249493,49.259278
VBL10217,Marine Drive Residence - 4,MAR4,Complete,20080101,StudentHousing,,UBC,Academic,SHHS,Occupied,,Concrete,19,,13760,377-4,1,,,GISSTUD2,20190514211047,RACHELW,20210621011623,Apt5StoreyPlus,,,UBC,B5,,-123.255361,49.261563
VBL10218,Marine Drive Residence - 6,MAR6,Complete,20070101,StudentHousing,,UBC,Academic,SHHS,Occupied,,Wood,9,,10695,377-6,1,,,GISSTUD2,20190514211159,RACHELW,20210621011624,Apt5StoreyPlus,,,UBC,B5,,-123.256062,49.261079
VBL10234,North Parkade,PARN,Complete,19880101,Parking,,UBC,Academic,Parking,Occupied,,Concrete,9,,27294,792,0,,,,,TONYZ,20210520221420,Parking,,,UBC,B4,,-123.250918,49.269031
VBL10151,Ponderosa Office Annex E,PONE,Complete,19720101,Administrative,,UBC,Academic,UBC,Occupied,,Wood,2,,1004,871-2,0,,,RACHELW,20190116175554,TONYZ,20210527170635,Unspecified,,,UBC,B2,,-123.256694,49.264675
VBL10152,Ponderosa Office Annex F,PONF,Complete,19720101,Administrative,,UBC,Academic,UBC,Occupied,,Wood,3,,826,871-3,0,,,RACHELW,20190116175554,TONYZ,20210527170634,Unspecified,,,UBC,B2,,-123.257153,49.26492
VBL10153,Ponderosa Office Annex G,PONG,Complete,19810101,Administrative,,UBC,Academic,UBC,Occupied,,Wood,1,,597,873,0,,,RACHELW,20190116175554,TONYZ,20210527170632,Unspecified,,,UBC,B2,,-123.256434,49.264507
VBL10344,Ponderosa Office Annex C,PONC,Complete,19710101,Administrative,,UBC,Academic,UBC,Occupied,,Wood,2,,587,865-3,0,,,RACHELW,20190116175554,TONYZ,20210527170636,Unspecified,,,UBC,B2,,-123.256275,49.264854
VBL10136,Eton - Apartment,ETN2,Complete,20190226,Housing,,UNA,Wesbrook,Private,Occupied,REAP Gold,Concrete,4,,6933,592,0,RW - PDF from Approved DP,,GISSTUD2,20190516182234,TONYZ,20210520221449,AptLess5Storey,,,,B5,,-123.231376,49.253202
VBL10035,TRIUMF - Plant Storage,TRF15,Complete,20030101,Research,,Non-UBC,Academic,Non-UBC,Occupied,,OtherMixed,1,,198,850-3,0,,,GISSTUD2,20190514182716,RACHELW,20210709035859,Outbuildings,,,,B3,LeasedFromUBC,-123.22963,49.246011
VBL10247,Georgia Point,GEOP,Complete,20200813,Housing,,UNA,Wesbrook,UBCPT,Occupied,,Concrete,14,,11958,719,0,AC - PDF from Approved DP,Lot11 highrise - Building names subject to change,GISSTUD2,20190515163846,TONYZ,20210720213648,Apt5StoreyPlus,,,,B5,,-123.239208,49.251948
VBL10433,Plant Science Field Station,PLS1,Complete,19910101,Academic,,UBC,Academic,UBC,Occupied,,Wood,1,,74,666,0,,,RACHELW,20200619232634,RACHELW,20210713214013,Unspecified,,,UBC,B2,,-123.249481,49.256307
VBL10432,Plant Science Garage,PLS2,Complete,19630101,Academic,,UBC,Academic,UBC,Occupied,,Wood,2,,317,667,0,,,RACHELW,20200619232634,RACHELW,20210713214014,Unspecified,,,UBC,B2,,-123.249256,49.25644
VBL10150,University Services Building,USB,Complete,19920101,Operations,Academic,UBC,Academic,UBC,Occupied,,OtherMixed,2,,11598,641,1,,,,,TONYZ,20210709152504,Unspecified,,,UBC,B2,,-123.253785,49.2613
VBL10223,Totem Field Studios,TFS,Complete,19630101,Academic,,UBC,Academic,UBC,Occupied,,Wood,2,,1187,668;668-1,0,,,,,RACHELW,20210713214017,Unspecified,,,UBC,B2,,-123.249001,49.256128
VBL10073,Engineering Student Centre,ESC,Complete,20150909,Academic,,UBC,Academic,UBC,Occupied,LEED Gold,Wood,2,,1076,310,0,,,,,TONYZ,20210520221336,Unspecified,,,UBC,B2,,-123.249278,49.262188
VBL10078,Institute for Computing Information and Cognitive Systems / Computer Science,ICCS,Complete,19930101,Academic,,UBC,Academic,UBC,Occupied,,Concrete,8,,19643,166;165,0,,,,,TONYZ,20210520221336,Unspecified,,,UBC,B2,,-123.248832,49.261174
VBL10366,JB Macdonald Building,MCDN,Complete,19670101,Academic,,UBC,Academic,UBC,Occupied,,Concrete,4,,7209,198,0,,,,,TONYZ,20210520221336,Unspecified,,,UBC,B2,,-123.24533,49.265345
VBL10116,St. John's College,STJC,Complete,19970101,StudentHousing,StudentHousing,UBC,Academic,SHHS,Occupied,,Wood,3,,17651,822-1;822-2;822-3,0,,,,,RACHELW,20210708211402,Unspecified,,,UBC,B5,,-123.25679,49.262595
VBL10255,Oakwood Residences,OAKR,Complete,20200813,Housing,,UNA,Wesbrook,UBCPT,Unoccupied,,Wood,3,,2977,719,0,AC - PDF from Approved DP,Lot11 townhouses - Building names subject to change,GISSTUD2,20190515162139,TONYZ,20210720213648,Duplex/Townhouse,,,,B5,,-123.238524,49.251654
VBL10007,UBC Botanical Garden - Ting Lookout,BOT7,Complete,19900101,Services,,UBC,Academic,UBC,Occupied,,Wood,1,,25,100,0,,,GISSTUD2,20190513201345,TONYZ,20210720213648,Outbuildings,,,UBC,B3,,-123.251644,49.254077
VBL10431,UBC Botanical Garden - Alpine Garden Greenhouse,BOT8,Complete,19740101,Services,,UBC,Academic,UBC,Occupied,,Wood,1,,33,082,0,,,RACHELW,20200618222451,TONYZ,20210720213648,Outbuildings,,,UBC,B3,,-123.245842,49.253645
VBL10004,UBC Botanical Garden - Scholar's Retreat,BOT5,Complete,19860101,Services,,UBC,Academic,UBC,Occupied,,Wood,1,,110,076,0,,,GISSTUD2,20190513201810,TONYZ,20210720213648,Outbuildings,,,UBC,B3,,-123.24692,49.254985
VBL10006,UBC Botanical Garden - Admin/Campbell Building,BOT2,Complete,19900101,Services,Research,UBC,Academic,UBC,Occupied,,Wood,2,,586,098,0,,,GISSTUD2,20190513200749,TONYZ,20210720213648,Unspecified,,,UBC,B1,,-123.251116,49.253896
VBL10015,UBC Farm - Children's Greenhouse,FRM3,Complete,19900101,Operations,,UBC,Academic,UBC,Occupied,,OtherMixed,1,,118,387,0,,,GISSTUD2,20190514191058,TONYZ,20210720213648,Outbuildings,,,UBC,B3,,-123.239793,49.251477
VBL10009,UBC Farm - Greenhouse 1,FRM4,Complete,19820101,Operations,,UBC,Academic,UBC,Occupied,,OtherMixed,1,,104,071-1,0,,,NIKT,20200406213544,TONYZ,20210720213648,Outbuildings,,,UBC,B3,,-123.238931,49.251148
VBL10012,UBC Farm - Greenhouse 2,FRM5,Complete,19820101,Operations,,UBC,Academic,UBC,Occupied,,OtherMixed,1,,143,071-2,0,,,GISSTUD2,20190514191008,TONYZ,20210720213648,Outbuildings,,,UBC,B3,,-123.239002,49.251043
VBL10205,The Pemberley,PEMB,Complete,19970725,Housing,,UNA,Hampton,Private,Occupied,,Wood,6,,5733,509,0,,new GBA taken from spreadsheet,,,TONYZ,20210520221449,AptLess5Storey,,,,B5,,-123.232193,49.258013
VBL10299,Binning Tower - Townhouses,BINT,Complete,20160505,Housing,,UNA,Wesbrook,Private,Occupied,REAP Gold,Concrete,3,,1627,598,0,RW - PDF from Approved DP,new GBA taken from spreadsheet,GISSTUD2,20190516172718,TONYZ,20210520221449,Duplex/Townhouse,,,,B5,,-123.231641,49.255275
VBL10017,Centre for Comparative Medicine,CCM,Complete,20111223,Academic,Research,UBC,Academic,UBC,Occupied,,Concrete,2,,10367,057,0,Wayf/AH - PDF from Approved DP,,,,TONYZ,20210520221336,Unspecified,,,UBC,B2,,-123.233554,49.246819
VBL10391,UBC Farm - Yurt,YURT,Complete,20140101,Academic,,UBC,Academic,UBC,Occupied,,OtherMixed,1,,65,075,0,,,GISSTUD2,20190514191230,TONYZ,20210720213648,Outbuildings,,,UBC,B3,,-123.239913,49.25126
VBL10310,Ponderosa Commons West - Arbutus/Maple House,PCW,Complete,20130830,Commons,,UBC,Academic,SHHS,Occupied,LEED Gold,Steel,17,47.75,17885,904,1,ISSUE FOR FULL BUILDING IFC,,,,RACHELW,20210705161701,Apt5StoreyPlus,,,UBC,B5,,-123.25562,49.263441
VBL10245,UBC Farm - Harvest Hut / Market,FRM2,Complete,19750101,Academic,,UBC,Academic,UBC,Occupied,,Wood,1,,150,670,0,,,GISSTUD2,20190514191138,TONYZ,20210720213648,Outbuildings,,,UBC,B1,,-123.237933,49.250758
VBL10163,Abdul Ladha Science Student Centre,ALSC,Complete,20061221,Services,Academic,UBC,Academic,UBC,Occupied,,Wood,2,,661,654,0,,,,,RACHELW,20210705164206,Unspecified,,,UBC,B3,,-123.251356,49.266083
VBL10195,UBC Botanical Garden Nursery - Workshop,BON2,Complete,19710101,Operations,,UBC,Academic,UBC,Occupied,,OtherMixed,1,,613,078;079;090,0,,,GISSTUD2,20190515174958,TONYZ,20210520221402,Outbuildings,,,UBC,B3,,-123.234449,49.249533
VBL10238,Spirit,SPRT,Complete,20100927,Housing,,UNA,Wesbrook,Private,Occupied,REAP Gold,Wood,5,,5410,584,0,Wayf/AH - PDF from Approved DP,new GBA taken from spreadsheet,,,TONYZ,20210520221449,AptLess5Storey,,,,B5,,-123.233615,49.252986
VBL10196,UBC Botanical Garden Nursery - Greenhouses,BON1,Complete,19820101,Operations,,UBC,Academic,UBC,Occupied,,OtherMixed,1,,1767,077-1;077-2,0,,,GISSTUD2,20190515174958,TONYZ,20210520221402,Outbuildings,,,UBC,B3,,-123.234972,49.249451
VBL10239,Pathways - East Building,PTHE,Complete,20080227,Housing,,UNA,Wesbrook,Private,Occupied,REAP Gold,Steel,5,,5110,588-2,0,,,GISSTUD2,20190514233420,TONYZ,20210520221449,AptLess5Storey,,,,B5,,-123.23283,49.254669
VBL10240,Pathways - West Building,PTHW,Complete,20080227,Housing,,UNA,Wesbrook,Private,Occupied,REAP Gold,Steel,5,,7095,588-1,0,,,GISSTUD2,20190514233510,TONYZ,20210520221449,AptLess5Storey,,,,B5,,-123.23382,49.254401
VBL10076,The Wesbrook - Townhouses,WSB2,Complete,20090101,Housing,,UNA,Wesbrook,Private,Occupied,REAP Silver,Concrete,3,,1249,594,0,,new GBA taken from spreadsheet,GISSTUD2,20190514231851,TONYZ,20210520221449,Duplex/Townhouse,,,,B5,,-123.234205,49.254725
VBL10135,Eton - Highrise,ETN1,Complete,20190226,Housing,,UNA,Wesbrook,Private,Occupied,REAP Gold,Concrete,20,59,22008,592,0,RW - PDF from Approved DP,,GISSTUD2,20190516182139,TONYZ,20210520221449,Apt5StoreyPlus,,,,B5,,-123.230561,49.25345
VBL10097,Lower Mall Header House,LMHH,Complete,19670101,Operations,,UBC,Academic,UBC,Occupied,,Concrete,3,,943,024-5;024-3;024-6,1,,,,,TONYZ,20210520221402,Unspecified,,,UBC,B3,,-123.254843,49.260527
VBL10251,Robert F. Osborne Centre - Unit 1,OSB1,Complete,19700101,Academic,,UBC,Academic,UBC,Occupied,,Concrete,2,0,3439,430,0,,,RACHELW,20200707200849,TONYZ,20210527173315,Unspecified,,,UBC,B2,,-123.243731,49.260289
VBL10426,Arts Student Centre,ARTC,UnderConstruction,,Services,,UBC,Academic,UBC,Unoccupied,LEED Gold,Wood,3,13.2,1025,123,0,,,GISSTUD1,20191010232244,RACHELW,20210705164208,Unspecified,,,UBC,B3,,-123.253078,49.269288
VBL10001,Earth and Ocean Sciences,EOS,Complete,19710101,Academic,,UBC,Academic,UBC,Occupied,,Concrete,4,,10727,402;403,1,,,,,TONYZ,20210520221336,Unspecified,,,UBC,B2,,-123.25249,49.26251
VBL10361,Hillel House - Diamond Foundation Centre for Jewish Campus Life,HILL,Complete,20100101,Other,,Non-UBC,Academic,Non-UBC,Occupied,,Concrete,4,,1237,445,0,,,,,RACHELW,20210705164209,Unspecified,,,,B3,LeasedFromUBC,-123.251324,49.268604
VBL10362,Horticulture Building,HORT,Complete,19480101,Academic,,UBC,Academic,UBC,Occupied,,Wood,2,,1753,456,0,,,,,TONYZ,20210709020447,Unspecified,,,UBC,B2,,-123.252773,49.261402
VBL10124,Stores Road Annex,STRX,Complete,19250101,Academic,,UBC,Academic,UBC,Occupied,,Wood,3,,383,669,0,,,,,TONYZ,20210709020447,Unspecified,,,UBC,B2,,-123.252359,49.261667
VBL10285,Wood Drying Laboratory,WDL,Complete,19900101,Academic,Research,UBC,Academic,UBC,Occupied,,Wood,1,,283,385,0,,,,,TONYZ,20210709020447,Unspecified,,,UBC,B2,,-123.252249,49.261475
VBL10126,Totem Park Residence - Dene/Nootka House,TPR2,Complete,19640101,StudentHousing,,UBC,Academic,SHHS,Occupied,,Concrete,7,,9014,540-3,1,,,GISSTUD2,20190514211631,RACHELW,20210729203946,Apt5StoreyPlus,,,UBC,B5,,-123.253225,49.258715
VBL10127,Totem Park Residence - Kwakiutl/Shuswap House,TPR3,Complete,19680101,StudentHousing,,UBC,Academic,SHHS,Occupied,,Concrete,7,,9027,565,1,,,GISSTUD2,20190514211706,RACHELW,20210729203956,Apt5StoreyPlus,,,UBC,B5,,-123.252324,49.259362
VBL10016,Totem Park Residence - qln House,TPR4,Complete,20110823,StudentHousing,,UBC,Academic,SHHS,Occupied,REAP Gold,Concrete,8,,6729,566,0,,,GISSTUD2,20190514211739,RACHELW,20210729204004,Apt5StoreyPlus,,,UBC,B5,,-123.251545,49.259167
VBL10128,Totem Park Residence - hmlsm House,TPR5,Complete,20110101,StudentHousing,,UBC,Academic,SHHS,Occupied,REAP Gold,Concrete,8,,9830,567,0,,,GISSTUD2,20190514211811,RACHELW,20210729204015,Apt5StoreyPlus,,,UBC,B5,,-123.251195,49.258604
VBL10219,Crescent West,CRSW,Complete,20090501,Housing,,UNA,Wesbrook,Private,Occupied,,Wood,4,,5466,605;605-1;605-2;605-3;605-4;605-5;605-6;605-7,0,,new GBA taken from spreadsheet,,,TONYZ,20210520221449,Duplex/Townhouse,,,,B5,,-123.232799,49.253131
VBL10220,Westchester,WSTR,Complete,20040713,Housing,,UNA,Hawthorn,Private,Occupied,,Wood,4,,5969,616;616-1;616-2;616-3;616-4;616-5;616-6;616-7,0,,new GBA taken from spreadsheet,,,TONYZ,20210520221449,Duplex/Townhouse,,,,B5,,-123.249109,49.257373
VBL10216,Mathematics Annex,MATX,Complete,19240101,Academic,,UBC,Academic,UBC,Occupied,,Wood,2,,1481,519,0,,,,,TONYZ,20210520221336,Unspecified,,,UBC,B2,,-123.254848,49.266103
VBL10221,Michael Smith Laboratories,MSL,Complete,20040101,Academic,,UBC,Academic,UBC,Occupied,,Concrete,5,,8477,083,1,,,,,TONYZ,20210520221336,Unspecified,,,UBC,B2,,-123.250171,49.264576
VBL10002,Totem Park Residence - Haida/Salish House,TPR6,Complete,19640101,StudentHousing,,UBC,Academic,SHHS,Occupied,,Concrete,7,,8666,540-2,1,,,GISSTUD2,20190514211850,RACHELW,20210729204025,Apt5StoreyPlus,,,UBC,B5,,-123.252622,49.257476
VBL10105,Totem Park Residence - csnam House,TPR7,Complete,20170720,StudentHousing,,UBC,Academic,SHHS,Occupied,LEED Gold,Concrete,8,,8862,541,0,RW - PDF from Approved DP,,GISSTUD2,20190514211922,RACHELW,20210729204101,Apt5StoreyPlus,,,UBC,B5,,-123.251637,49.256811
VBL10224,Gardenia House,GARD,Complete,20050603,Housing,,UNA,Hawthorn,UBCPT,Occupied,,Wood,5,,5412,617,0,,new GBA taken from spreadsheet,,,TONYZ,20210520221449,AptLess5Storey,,,,B5,,-123.248967,49.25873
VBL10225,Journey,JOUR,Complete,20041028,Housing,,UNA,Hawthorn,Private,Occupied,,Wood,5,13.36,8823,619,0,,new GBA taken from spreadsheet,,,TONYZ,20210520221449,AptLess5Storey,,,,B5,,-123.247481,49.258036
VBL10226,Logan Lane,LOGN,Complete,20050810,Housing,,UNA,Hawthorn,Private,Occupied,,Wood,4,,9688,620;620-1;620-2;620-3;620-4;620-5,0,,new GBA taken from spreadsheet,,,TONYZ,20210520221449,Duplex/Townhouse,,,,B5,,-123.245728,49.258901
VBL10229,Mathematics Building,MATH,Complete,19250101,Academic,,UBC,Academic,UBC,Occupied,,Wood,3,,4520,518,0,,,,,TONYZ,20210520221336,Unspecified,,,UBC,B2,,-123.255556,49.26645
VBL10146,Ponderosa Office Annex A,PONA,Complete,19710101,Administrative,,UBC,Academic,UBC,Occupied,,Wood,3,,633,865-1,0,,,RACHELW,20190116175554,TONYZ,20210527170638,Unspecified,,,UBC,B2,,-123.256382,49.265167
VBL10383,t xhlelms t kaka (Saltwater) - sewt lelm (Herring),SQMK,UnderConstruction,,StudentHousing,,UBC,Academic,SHHS,Unoccupied,,Wood,7,,6020,890,0,TO - PDF from Approved DP,,GISSTUD2,20190524190715,RACHELW,20210910233556,Apt5StoreyPlus,,,,B5,,-123.247923,49.269589
VBL10381,t xhlelms t kaka (Saltwater) - qlalmcn lelm (Orca),QLCN,Complete,20210804,StudentHousing,,UBC,Academic,SHHS,Occupied,,Wood,8,,6963,888,0,TO - PDF from Approved DP,,GISSTUD2,20190524190429,RACHELW,20210910233603,Apt5StoreyPlus,,,,B5,,-123.249653,49.268822
VBL10328,Chemistry,CHEM,Complete,19250101,Academic,,UBC,Academic,UBC,Occupied,,Concrete,5,,26438,140;136;148;144;132,1,,,,,RACHELW,20210917234938,Unspecified,,,UBC,B2,,-123.252664,49.265813
VBL10421,UBC Counselling Services Annex,CNSL,Complete,,Services,,UBC,Academic,UBC,Unoccupied,,Wood,1,3.35,479,TMP001,0,TO - PDF from Approved DP,,GISSTUD2,20190923201149,RACHELW,20210917235114,Unspecified,,,UBC,B2,,-123.25199,49.268227
VBL10378,t xhlelms t kaka (Saltwater) - qta:yn lelm (Sturgeon),QTYN,Complete,20210804,StudentHousing,,UBC,Academic,SHHS,Occupied,,Wood,10,,8714,889,0,TO - PDF from Approved DP,,GISSTUD2,20190524190606,RACHELW,20210924001542,Apt5StoreyPlus,,,,B5,,-123.248518,49.269217
VBL10384,t xhlelms t kaka (Saltwater) - tms lelm (Sea Otter),SLWT,UnderConstruction,,StudentHousing,,UBC,Academic,SHHS,Unoccupied,,Wood,7,,5420,891,0,TO - PDF from Approved DP,,GISSTUD2,20190617170544,RACHELW,20210924001605,Apt5StoreyPlus,,,,B5,,-123.248031,49.270168
VBL10382,t xhlelms t kaka (Saltwater) - sqimk lelm (Octopus),TMES,UnderConstruction,,StudentHousing,,UBC,Academic,SHHS,Unoccupied,,Wood,7,,4710,892,0,TO - PDF from Approved DP,,GISSTUD2,20190617170556,RACHELW,20210924001610,Apt5StoreyPlus,,,,B5,,-123.248315,49.270523
VBL10392,Reconciliation Chapel,CHPL,Complete,19630101,Other,,Non-UBC,Chancellor,Non-UBC,Occupied,,Concrete,2,,711,802,0,,,,,RACHELW,20210906042339,Unspecified,,,,B5,LeasedFromUBC,-123.252272,49.271559
VBL10212,Brock Commons East - Tallwood House,BRCE,Complete,20160518,Commons,,UBC,Academic,SHHS,Occupied,LEED Gold,Wood,18,53,15115,114,0,AC PDF from DP - Board2,new GBA taken from spreadsheet,PLAN,20170914214914,RACHELW,20210906042356,Apt5StoreyPlus,,,UBC,B5,,-123.251314,49.26951
VBL10420,Pump House,PUMP,Complete,20210421,Operations,,UBC,Academic,UBC,Unoccupied,,Steel,,10.09,156,,0,TO - PDF from Approved DP,,GISSTUD2,20190923201928,RACHELW,20210921202702,Outbuildings,,,UBC,B3,,-123.254161,49.264621
VBL10263,Walter H. Gage Residence - Commonsblock,WGR1,Complete,19720101,Services,StudentHousing,UBC,Academic,SHHS,Occupied,LEED Gold,Concrete,2,,5156,869-1,0,,,GISSTUD2,20190514202702,RACHELW,20210906042550,Unspecified,,,UBC,B2,,-123.249831,49.269529
VBL10081,Jack Bell Building for the School of Social Work,SOWK,Complete,19920101,Academic,,UBC,Academic,UBC,Occupied,,Steel,4,,2712,750,0,,,,,RACHELW,20210906234719,Unspecified,,,UBC,B2,,-123.2551,49.264474
VBL10051,Rodney Graham Millennium Sculpture Pavilion,RSCU,Complete,20030701,Services,,UBC,Academic,UBC,Occupied,,OtherMixed,1,,28,180,0,,,,,RACHELW,20210804022336,Unspecified,,,UBC,B2,,-123.2545,49.267524
VBL10067,Henry Angus Building,ANGU,Complete,20090903,Academic,,UBC,Academic,UBC,Occupied,,Concrete,10,,22458,023;026;023-1,1,,,,,RACHELW,20210906234736,Unspecified,,,UBC,B2,,-123.253876,49.265106
VBL10227,Asian Centre,ACEN,Complete,19750101,Academic,,UBC,Academic,UBC,Occupied,,Concrete,5,,4926,046,0,,,,,RACHELW,20210702224952,Unspecified,,,UBC,B2,,-123.25871,49.266752
VBL10162,Centre for Interactive Research on Sustainability,CIRS,Complete,20110831,Academic,,UBC,Academic,UBC,Occupied,LEED Platinum,OtherMixed,6,,5691,633,0,,,,,RACHELW,20210702225528,Unspecified,,,UBC,B2,,-123.25308,49.262051
VBL10370,Exchange Residence,EXCH,Complete,20190412,StudentHousing,,UBC,Academic,SHHS,Occupied,LEED Gold,Concrete,14,,26291,773,0,RW - PDF from Approved DP,Lot 10,GISSTUD2,20190524185641,RACHELW,20210621011653,Apt5StoreyPlus,,,UBC,B5,,-123.247692,49.268567
VBL10369,Place Vanier Residence - Tweedsmuir House,VNR13,Complete,19680101,StudentHousing,,UBC,Academic,SHHS,Occupied,,Concrete,5,,2189,545-2,0,,,GISSTUD2,20190514210235,RACHELW,20210621011658,AptLess5Storey,,,UBC,B5,,-123.258301,49.263472
VBL10368,Place Vanier Residence - Phyllis Ross House,VNR09,Complete,19600101,StudentHousing,,UBC,Academic,SHHS,Occupied,,Concrete,5,,2142,896-3,0,,,GISSTUD2,20190514205951,RACHELW,20210621011659,AptLess5Storey,,,UBC,B5,,-123.259601,49.265339
VBL10367,Place Vanier Residence - Tec De Monterrey House,VNR12,Complete,20030101,StudentHousing,,UBC,Academic,SHHS,Occupied,,Concrete,7,,4496,902,0,,,GISSTUD2,20190514210155,RACHELW,20210621011700,Apt5StoreyPlus,,,UBC,B5,,-123.259536,49.264041
VBL10365,Place Vanier Residence - Sherwood Lett House,VNR11,Complete,19600101,StudentHousing,,UBC,Academic,SHHS,Occupied,,Concrete,5,,2112,560,0,,,GISSTUD2,20190514210111,RACHELW,20210621011700,AptLess5Storey,,,UBC,B5,,-123.257513,49.26339
VBL10360,Place Vanier Residence - Cariboo House,VNR02,Complete,19680101,StudentHousing,,UBC,Academic,SHHS,Occupied,,Concrete,5,,2172,545-1,0,,,GISSTUD2,20190514205453,RACHELW,20210621011701,AptLess5Storey,,,UBC,B5,,-123.258976,49.263744
VBL10358,Place Vanier Residence - Robson House,VNR10,Complete,19590101,StudentHousing,,UBC,Academic,SHHS,Occupied,,Concrete,5,,2115,556,0,,,GISSTUD2,20190514210028,RACHELW,20210621011702,AptLess5Storey,,,UBC,B5,,-123.258411,49.263917
VBL10326,Place Vanier Residence - Margaret Mackenzie House,VNR07,Complete,19600101,StudentHousing,,UBC,Academic,SHHS,Occupied,,Concrete,5,,2114,896-2,0,,,GISSTUD2,20190514205837,RACHELW,20210621011702,AptLess5Storey,,,UBC,B5,,-123.259157,49.265682
VBL10325,Place Vanier Residence - Aldyen Hamber House,VNR01,Complete,19600101,StudentHousing,,UBC,Academic,SHHS,Occupied,,Concrete,5,,2114,896-4,0,,,GISSTUD2,20190514205404,RACHELW,20210621011703,AptLess5Storey,,,UBC,B5,,-123.258808,49.265257
VBL10319,Marine Drive Residence - 1 Simon Lee,MAR1,Complete,20060101,StudentHousing,,UBC,Academic,SHHS,Occupied,,Concrete,19,,11707,377-1,1,,,GISSTUD2,20190514210907,RACHELW,20210621011704,Apt5StoreyPlus,,,UBC,B5,,-123.255876,49.262001
VBL10317,Marine Drive Residence - 2,MAR2,Complete,20060101,StudentHousing,,UBC,Academic,SHHS,Occupied,,Wood,6,,7132,377-2,0,,,GISSTUD2,20190514210947,RACHELW,20210621011704,Apt5StoreyPlus,,,UBC,B5,,-123.256765,49.261877
VBL10306,Child Care Services Administration Building,CCSA,Complete,19900101,Services,,UBC,Academic,SHHS,Occupied,,Wood,1,,1205,155,1,,,,,RACHELW,20210621011746,Unspecified,,,UBC,B2,,-123.234257,49.26093
VBL10181,The Barn - Owl Child Care,BARN,Complete,19250101,Services,,UBC,Academic,SHHS,Occupied,,OtherMixed,2,,304,051,0,,,,,RACHELW,20210621011807,Unspecified,,,UBC,B2,,-123.251115,49.261931
VBL10272,Child Care Services - Acadia,CCS1,Complete,20090101,Services,,UBC,Academic,SHHS,Occupied,,Wood,1,,434,207,1,,,RACHELW,20210527174002,RACHELW,20210621011842,Unspecified,,,UBC,B2,,-123.234734,49.260896
VBL10375,Child Care Services - Willow,MCC3,Complete,20191031,Services,,UBC,Academic,SHHS,Occupied,,OtherMixed,1,,305,208,0,,,GISSTUD2,20190524184642,RACHELW,20210621011846,Unspecified,,,UBC,B2,,-123.235328,49.260842
VBL10166,Wesbrook Professional Centre,WPRO,Complete,20120830,Commercial,,UNA,Wesbrook,UBCPT,Occupied,,Wood,4,17.42,1910,690,1,Wayf/AH - PDF from Approved DP,GBA from https://www.wesbrookproperties.com/office-retail-leasing/,,,RACHELW,20210621011950,Unspecified,,,,B5,,-123.236356,49.254484
VBL10118,St. Mark's College,STMK,Complete,19580101,Other,,Non-UBC,Chancellor,Non-UBC,Occupied,,Concrete,3,,1487,828;829,1,,new GBA taken from spreadsheet,,,RACHELW,20210621012053,Unspecified,,,,B3,LeasedFromUBC,-123.249169,49.272277
VBL10179,Telus Hub,TELS,Complete,20170308,Other,,UNA,Wesbrook,Non-UBC,Occupied,,Concrete,1,,58,678,0,,,,,RACHELW,20210621012105,Outbuildings,,,,B6,LeasedFromUBC,-123.235473,49.255225
VBL10257,Carey Centre,CRYC,Complete,20050321,Other,Housing,Non-UBC,Chancellor,Non-UBC,Occupied,,Concrete,6,85.35,4127,807,0,,new GBA taken from spreadsheet,GISSTUD2,20190514225613,RACHELW,20210621012125,Unspecified,,,,B3,LeasedFromUBC,-123.248908,49.27152
VBL10021,FPInnovations,FPIN,Complete,19900101,Research,,Non-UBC,Academic,Non-UBC,Occupied,,Concrete,2,,9527,372,0,,,RACHELW,20190215175315,RACHELW,20210621012138,Unspecified,,,,B3,LeasedFromUBC,-123.244468,49.256786
VBL10236,3800 Wesbrook Mall,3800,Complete,19850101,Research,,Non-UBC,Academic,Non-UBC,Occupied,,Concrete,5,,7433,612,0,,,,,RACHELW,20210621012145,Unspecified,,,,B3,LeasedFromUBC,-123.230294,49.250196
VBL10045,Pulp and Paper Centre,PAPC,Complete,19850101,Research,,UBC,Academic,UBC,Occupied,,Concrete,4,,3317,747,0,,,,,RACHELW,20210621012337,Unspecified,,,UBC,B2,,-123.247568,49.261416
VBL10189,Green College - D Graham House,GRN7,Complete,19300101,Services,Other,UBC,Academic,SHHS,Occupied,,Wood,3,,1473,,0,,,RACHELW,20200623201249,RACHELW,20210621032932,Unspecified,,,UBC,B5,,-123.256266,49.27128
VBL10088,Marine Drive Residence - 3 Commonsblock,MAR3,Complete,20090706,Services,StudentHousing,UBC,Academic,SHHS,Occupied,,Wood,2,,1300,377-3,0,,,GISSTUD2,20190514211238,RACHELW,20210621012448,Unspecified,,,UBC,B2,,-123.256853,49.261413
VBL10185,Acadia Commonsblock,ACOM,Complete,19890101,Services,StudentHousing,UBC,Academic,SHHS,Occupied,,Wood,1,,836,011,0,,,,,RACHELW,20210621012451,Unspecified,,,UBC,B2,,-123.237352,49.262634
VBL10435,Green College - D Commons,GRN8,Complete,19300101,Services,Other,UBC,Academic,SHHS,Occupied,,Wood,3,,1473,,0,,,GISSTUD2,20190606173848,RACHELW,20210621032933,Unspecified,,,UBC,B5,,-123.256687,49.271298
VBL10400,Environmental Services Facility - Office,ENV4,Complete,19930101,Operations,,UBC,Academic,UBC,Occupied,,OtherMixed,1,3.39,30,139,0,,,GISSTUD2,20190513225831,RACHELW,20210621033043,Unspecified,,,UBC,B3,,-123.228986,49.243471
VBL10100,Lower Mall Research Station,LMRS,Complete,19600101,Operations,,UBC,Academic,UBC,Occupied,,Concrete,3,,6406,022,0,,,,,RACHELW,20210621034308,Unspecified,,,UBC,B3,,-123.255524,49.260553
VBL10363,Hugh Dempster Pavilion,DMP,Complete,20040101,Academic,Research,UBC,Academic,UBC,Occupied,,Concrete,4,,1488,164,0,,,,,RACHELW,20210621035205,Unspecified,,,UBC,B2,,-123.248057,49.261242
VBL10228,Auditorium Annexes,AUDX,Complete,19690101,Academic,,UBC,Academic,UBC,Occupied,,Wood,2,,2431,863-2;045,1,,,,,RACHELW,20210621035258,Unspecified,,,UBC,B2,,-123.256625,49.266582
VBL10332,Campus & Community Planning,CCP,Complete,19470101,Administrative,,UBC,Academic,UBC,Occupied,,Wood,2,,1389,643;029,1,,,,,RACHELW,20210621035406,Unspecified,,,UBC,B3,,-123.253282,49.262441
VBL10020,FERIC,FERC,Complete,19900101,Administrative,,Non-UBC,Academic,Non-UBC,Occupied,,Concrete,3,,1936,373,0,,,,,RACHELW,20210621035420,Unspecified,,,,B3,LeasedFromUBC,-123.244537,49.257752
VBL10055,Rugby Pavilion,RUGB,Complete,19630101,Athletics,,UBC,Academic,Athletics,Occupied,,Wood,1,,367,760,0,,,,,RACHELW,20210621160953,Unspecified,,,UBC,B3,,-123.244014,49.258676
VBL10371,International House,INTL,Complete,19580101,Services,,UBC,Academic,UBC,Occupied,,Concrete,3,,1142,472,0,,,,,RACHELW,20210621163217,Unspecified,,,UBC,B2,,-123.25896,49.2678
VBL10249,Thea Koerner House,THEA,Complete,19610101,Services,,UBC,Academic,UBC,Occupied,,Concrete,4,,4141,408;409,1,,,,,RACHELW,20210621163224,Unspecified,,,UBC,B2,,-123.257878,49.268439
VBL10331,Brock Hall,BRCK,Complete,19400101,Services,,UBC,Academic,UBC,Occupied,,Concrete,3,,11428,112-1;112;113,1,,,,,RACHELW,20210621163237,Unspecified,,,UBC,B2,,-123.252062,49.268639
VBL10156,St. John Hospice,STJN,Complete,20130723,Services,Research,Non-UBC,Academic,Non-UBC,Occupied,REAP Silver,Wood,2,,1243,635,0,RW - PDF from Approved DP,,,,RACHELW,20210621163342,Unspecified,,,,B3,LeasedFromUBC,-123.247358,49.25551
VBL10318,UBC Hospital - Koerner Pavilion,KPAV,Complete,19800101,Services,Research,Non-UBC,Academic,VCH,Occupied,,Concrete,5,,40372,463,0,,,,,RACHELW,20210621223218,Unspecified,,,Shared,B2,LeasedFromUBC,-123.245991,49.264151
VBL10341,Cecil Green Park Coach House,CGPC,Complete,19110101,Administrative,,UBC,Academic,UBC,Occupied,,Wood,2,,243,421,0,,,,,RACHELW,20210621223710,Unspecified,,,UBC,B3,,-123.25847,49.271001
VBL10208,Carey Hall,CRYH,Complete,19600101,Other,,Non-UBC,Chancellor,Non-UBC,Occupied,,Concrete,1,,907,804;806,0,,new GBA taken from spreadsheet,GISSTUD2,20190514225613,RACHELW,20210707204945,Unspecified,,,,B3,LeasedFromUBC,-123.248532,49.271737
VBL10192,Main Substation,MSUB,Complete,19750101,Operations,,UBC,Academic,UBC,Occupied,,Concrete,1,,345,789;789-1,0,,,,,TONYZ,20210713174629,Outbuildings,,,UBC,B3,,-123.24437,49.261347
VBL10294,AYO Smart Home,AYOH,Complete,20160107,Other,,Non-UBC,Academic,Non-UBC,Temporary,,Wood,2,6.1,160,538,0,,,,,TONYZ,20210713174629,Outbuildings,,,,B3,LeasedFromUBC,-123.243407,49.263038
VBL10439,Acadia Park Residence - Montgomery Place,APR2,Complete,19880101,StudentHousing,,UBC,Academic,SHHS,Occupied,,Wood,3,,1070,009-15;009-16;009-17;009-20;009-21;009-22;009-23;009-24;009-25;009-26,0,,GBA from OSIS,RACHELW,20200716183842,TONYZ,20210520221449,Duplex/Townhouse,,,UBC,B5,,-123.238725,49.264815
VBL10115,St. James House,STJA,Complete,19940405,Housing,,UNA,Hampton,Private,Occupied,,Wood,5,,12386,503,0,,new GBA taken from spreadsheet,,,TONYZ,20210520221449,AptLess5Storey,,,,B5,,-123.237199,49.25822
VBL10258,Acadia Park Residence - Melfa Lane,APR1,Complete,19890101,StudentHousing,,UBC,Academic,SHHS,Occupied,,Wood,3,,1785,009-01;009-02;009-03;009-04;009-01;010-01;010-02;010-03;010-04;010-05,0,,GBA from OSIS,RACHELW,20200716183842,TONYZ,20210520221449,Duplex/Townhouse,,,UBC,B5,,-123.2371,49.264247
VBL10214,Thunderbird Stadium,STAD,Complete,19670101,Athletics,,UBC,Academic,Athletics,Occupied,,Concrete,2,,3156,785,0,,,,,TONYZ,20210713174629,Unspecified,,,UBC,B1,,-123.244579,49.254767
VBL10207,Building Operations Storage Shed,BOSS,Complete,19920101,Operations,,UBC,Academic,UBC,Occupied,,Concrete,1,,496,646,0,,,RACHELW,20210615025018,TONYZ,20210713174629,Outbuildings,,,UBC,B6,,-123.254414,49.262185
VBL10376,Ladner Clock Tower,CLCK,Complete,19680101,Services,,UBC,Academic,UBC,Occupied,,Concrete,1,,45,182,0,,,,,RACHELW,20210727191852,Unspecified,,,UBC,B3,,-123.253657,49.267351
VBL10377,Landscape Architecture Annex,LAX,Complete,19210101,Academic,,UBC,Academic,UBC,Occupied,,Wood,3,,601,021,0,,,,,RACHELW,20210812023154,Unspecified,,,UBC,B2,,-123.250061,49.260657
VBL10037,TRIUMF - Stores Building,TRF17,Complete,20030101,Research,,Non-UBC,Academic,Non-UBC,Occupied,,OtherMixed,2,,723,843,0,Wayf/AH - PDF from Approved DP,,GISSTUD2,20190514182841,RACHELW,20210709035228,Unspecified,,,,B3,LeasedFromUBC,-123.230587,49.246544
VBL10059,TRIUMF - Shipping / Workshop,TRF28,Complete,19830101,Research,,Non-UBC,Academic,Non-UBC,Occupied,,Concrete,1,,984,850,0,,,GISSTUD2,20190514184524,RACHELW,20210709035306,Unspecified,,,,B3,LeasedFromUBC,-123.230068,49.246246
VBL10056,TRIUMF - Trailer Q,TRF25,Complete,20030101,Research,,Non-UBC,Academic,Non-UBC,Occupied,,OtherMixed,1,,30,843-2,0,,,GISSTUD2,20190514184315,RACHELW,20210709035601,Outbuildings,,,,B3,LeasedFromUBC,-123.23062,49.24682
VBL10053,TRIUMF - Trailer PP,TRF24,Complete,20030101,Research,,Non-UBC,Academic,Non-UBC,Occupied,,OtherMixed,1,,30,850-2,0,,,GISSTUD2,20190514184225,RACHELW,20210709035602,Outbuildings,,,,B3,LeasedFromUBC,-123.229145,49.246359
VBL10050,TRIUMF - Trailer LL,TRF22,Complete,20030101,Research,,Non-UBC,Academic,Non-UBC,Occupied,,OtherMixed,1,,58,843-6,0,,,GISSTUD2,20190514184021,RACHELW,20210709035603,Outbuildings,,,,B3,LeasedFromUBC,-123.230972,49.246893
VBL10049,TRIUMF - Trailer HH & FF,TRF21,Complete,20030101,Research,,Non-UBC,Academic,Non-UBC,Occupied,,OtherMixed,1,,608,854-1,0,,,GISSTUD2,20190514183922,RACHELW,20210709035605,Outbuildings,,,,B3,LeasedFromUBC,-123.230643,49.248316
VBL10038,TRIUMF - Trailer A,TRF18,Complete,20030101,Research,,Non-UBC,Academic,Non-UBC,Occupied,,OtherMixed,1,,145,842-7,0,,,GISSTUD2,20190514182927,RACHELW,20210709035612,Outbuildings,,,,B3,LeasedFromUBC,-123.230325,49.246586
VBL10034,TRIUMF - Nina Storage Shelter,TRF13,Complete,20030101,Research,,Non-UBC,Academic,Non-UBC,Occupied,,OtherMixed,1,,248,843-5,0,,,GISSTUD2,20190514182318,RACHELW,20210709035614,Outbuildings,,,,B3,LeasedFromUBC,-123.230435,49.246
VBL10061,TRIUMF - Machine Shop Materials,TRF12,Complete,20030101,Research,,Non-UBC,Academic,Non-UBC,Occupied,,OtherMixed,1,,105,850-4,0,,,GISSTUD2,20190514182230,RACHELW,20210709035616,Outbuildings,,,,B3,LeasedFromUBC,-123.22983,49.246383
VBL10033,TRIUMF - Liquid Helium Storage,TRF11,Complete,20030101,Research,,Non-UBC,Academic,Non-UBC,Occupied,,OtherMixed,1,,554,843-1,0,,,GISSTUD2,20190514182017,RACHELW,20210709035620,Unspecified,,,,B3,LeasedFromUBC,-123.230786,49.246923
VBL10030,TRIUMF - Hazardous Storage,TRF08,Complete,20050715,Research,,Non-UBC,Academic,Non-UBC,Occupied,,OtherMixed,1,,77,842-1,0,,,GISSTUD2,20190514181531,RACHELW,20210709035627,Outbuildings,,,,B3,LeasedFromUBC,-123.229328,49.246732
VBL10028,TRIUMF - Equipment Marque,TRF06,Complete,20030101,Research,,Non-UBC,Academic,Non-UBC,Occupied,,OtherMixed,1,,84,843-7,0,,,GISSTUD2,20190514181341,RACHELW,20210709035630,Outbuildings,,,,B3,LeasedFromUBC,-123.230714,49.246738
VBL10022,TRIUMF - Accelerator,TRF02,Complete,20030101,Research,,Non-UBC,Academic,Non-UBC,Occupied,,Concrete,6,,27015,853,0,,,GISSTUD2,20190514181017,RACHELW,20210709035634,Unspecified,,,,B3,LeasedFromUBC,-123.229286,49.247272
VBL10023,TRIUMF - Accelerator Trailer,TRF03,Complete,20030101,Research,,Non-UBC,Academic,Non-UBC,Occupied,,OtherMixed,1,,30,853-3,0,,,GISSTUD2,20190514181117,RACHELW,20210709035635,Outbuildings,,,,B3,LeasedFromUBC,-123.230129,49.246851
VBL10233,Norman MacKenzie House,MCKH,Complete,19500101,Housing,,UBC,Academic,UBC,Occupied,,Wood,3,,970,728;728-1,0,,,,,RACHELW,20211007014250,Duplex/Townhouse,,,UBC,B5,,-123.261175,49.267676
VBL10423,Brock Commons North,BRCN,UnderConstruction,,Commons,,UBC,Academic,SHHS,Unoccupied,,Concrete,,,,,,,,RACHELW,20210416040415,RACHELW,20211021013425,Apt5StoreyPlus,,,,B5,,-123.252629,49.269574
VBL10222,UBC Research Ponds,RESP,Complete,20100101,Academic,,UBC,Academic,UBC,Occupied,,Wood,1,,41,585,0,,,RACHELW,20211015004615,RACHELW,20211015004615,Outbuildings,,,UBC,B2,,-123.232721,49.247161
