BLDG_USAGE,NAME,BLDG_CODE,PRIMARY_ADDRESS,POSTAL_CODE,BLDG_UID,CONSTR_STATUS,LAT,LONG
StudentHousing,Thunderbird Residence - Cassiar,THR1,"6335 Thunderbird Crescent, Building 1",V6T 2G9,VBL10122,Complete,-123.250862,49.259566
Academic,Forest Sciences Centre,FSC,2424 Main Mall,V6T 1Z4,VBL10119,Complete,-123.247788,49.260607
Academic,Friedman Building,FRDM,2177 Wesbrook Mall,V6T 1Z3,VBL10120,Complete,-123.246232,49.265371
StudentHousing,Thunderbird Residence - Monashee,THR2,"6335 Thunderbird Crescent, Building 2",V6T 1Z4,VBL10121,Complete,-123.250374,49.258962
Operations,Staging Environmental Research Centre,SERC,6045 Nurseries Road,V6T 1W5,VBL10123,Complete,-123.228068,49.245484
Academic,Stores Road Annex,STRX,6368 Stores Road,V6T 1Z4,VBL10124,Complete,-123.25235,49.261674
Athletics,Student Recreation Centre,SRC,6000 Student Union Boulevard,V6T 1Z1,VBL10125,Complete,-123.248948,49.268316
Services,Robert H. Lee Alumni Centre,ALUM,6163 University Boulevard,V6T 1Z1,VBL10256,Complete,-123.2499,49.265956
Housing,Thames Court - Townhouses,THAC2,5880 Hampton Place,V6T 2E9,VBL10253,Complete,-123.236155,49.257069
Housing,The Chatham,CHAT,5775 Hampton Place,V6T 2G6,VBL10254,Complete,-123.236162,49.258695
Housing,Oakwood Residences,OAKR,3383 Ross Drive,,VBL10255,UnderConstruction,-123.23852,49.251645
Other,Carey Centre,CRYC,5920 Iona Drive,V6T 1J6,VBL10257,Complete,-123.248913,49.271529
StudentHousing,Acadia Park Residence - Townhouses,APR1,2500 Melfa Lane,V6T 2C6,VBL10258,Complete,-123.237999,49.26416
StudentHousing,Acadia Park Residence - Highrise,APRH,2725 Melfa Road,V6T 1N4,VBL10260,Complete,-123.236861,49.262313
Housing,The Laureates - Apartment,LAR2,5638 Birney Avenue,V6S 0H8,VBL10261,Complete,-123.231713,49.254198
Academic,Woodward Library,WLIB,2198 Health Sciences Mall,V6T 1Z3,VBL10262,Complete,-123.247561,49.264562
Services,Walter H. Gage Residence - Commonsblock,WGR1,"5959 Student Union Boulevard, Building 1",V6T 1K2,VBL10263,Complete,-123.249839,49.269529
StudentHousing,Walter H. Gage Residence - North Highrise,WGR5,"5959 Student Union Boulevard, Building 4",V6T 1K2,VBL10394,Complete,-123.250038,49.269834
Academic,UBC Farm - Yurt,YURT,3465 Ross Drive,V6T 1W5,VBL10391,Complete,-123.239894,49.251271
Other,Chapel of the Epiphany,CHPL,6030 Chancellor Boulevard,V6T 1X3,VBL10392,Complete,-123.252259,49.271559
StudentHousing,Walter H. Gage Residence - East Highrise,WGR4,"5959 Student Union Boulevard, Building 3",V6T 1K2,VBL10393,Complete,-123.24916,49.269644
StudentHousing,Walter H. Gage Residence - South Highrise,WGR6,"5959 Student Union Boulevard, Building 2",V6T 1K2,VBL10395,Complete,-123.249716,49.269202
StudentHousing,Walter H. Gage Residence - Court (West Coast Suites),WGR3,5961 Student Union Boulevard,V6T 1K2,VBL10396,Complete,-123.248584,49.269593
Parking,Fraser River Parkade,PARF,6440 Memorial Road,V6T 1Z2,VBL10397,Complete,-123.258053,49.266067
Academic,Dorothy Somerset Studios,DSOM,6361 University Boulevard,V6T 1Z2,VBL10130,Complete,-123.254586,49.264697
StudentHousing,Totem Park Residence - Building 2,TPR2,"2525 West Mall, Building 2",V6T 1W9,VBL10126,Complete,-123.253228,49.258696
StudentHousing,Totem Park Residence - Building 3,TPR3,"2525 West Mall, Building 3",V6T 1W9,VBL10127,Complete,-123.252327,49.259339
Administrative,Donald Rix Building,RIX,2389 Health Sciences Mall,V6T 1Z3,VBL10129,Complete,-123.246302,49.26197
Academic,Douglas T. Kenny Building,KENN,2136 West Mall,V6T 1Z4,VBL10131,Complete,-123.253867,49.263318
Research,"TRIUMF - Offices, Laboratory & Workshops",TRF14,4004 Wesbrook Mall,V6T 2A3,VBL10132,Complete,-123.230613,49.247642
StudentHousing,Place Vanier Residence - Dorothy Mawdsley House,VNR04,"1935 Lower Mall, Building 10",V6T 1X1,VBL10267,Complete,-123.259509,49.264859
Housing,Ivy on the Park - Townhouses,IVYT,5681 Birney Avenue,,VBL10264,UnderConstruction,-123.231836,49.254771
Housing,Ivy on the Park - Highrise,IVYH,5629 Birney Avenue,,VBL10265,UnderConstruction,-123.231003,49.254718
Academic,Wesbrook Building,WESB,6174 University Boulevard,V6T 1Z3,VBL10266,Complete,-123.249162,49.265247
StudentHousing,Place Vanier Residence - Kootenay House,VNR05,"1935 Lower Mall, Building 3",V6T 1X1,VBL10268,Complete,-123.25764,49.263877
StudentHousing,Place Vanier Residence - Korea House,VNR06,"1935 Lower Mall, Building 9",V6T 1X1,VBL10269,Complete,-123.26001,49.264609
StudentHousing,Place Vanier Residence - Okanagan House,VNR08,"1935 Lower Mall, Building 2",V6T 1X1,VBL10270,Complete,-123.25778,49.26435
Services,Child Care Services - Acadia,CCS1,2865 Revelstoke Court,V6T 1S1,VBL10272,Complete,-123.234723,49.260894
Services,Child Care Services - Kittiwake/Salal,CCS2,5655 Osoyoos Crescent,V6T 1S1,VBL10273,Complete,-123.235287,49.259997
Services,Child Care Services - Little Goslings/Coho,CCS3,5590 Osoyoos Crescent,V6T 2E6,VBL10274,Complete,-123.234068,49.259912
Operations,Environmental Services Facility - Lab,ENV1,"6025 Nurseries Road, Building 5",V6T 1W5,VBL10401,Complete,-123.228625,49.243329
Housing,West Hampstead - Townhouses,WHM2,"5760 Hampton Place, Building 1",V6T 2G1,VBL10398,Complete,-123.234586,49.2575
Operations,Environmental Services Facility - Office,ENV4,"6025 Nurseries Road, Building 1",V6T 1W5,VBL10400,Complete,-123.228955,49.243459
Operations,Environmental Services Facility - Incinerator,ENV2,"6025 Nurseries Road, Building 2",V6T 1W5,VBL10402,Complete,-123.229007,49.243671
StudentHousing,MBA House,MBAH,3385 Wesbrook Mall,V6T 1Z4,VBL10403,Complete,-123.235168,49.253864
Housing,Eton - Apartment,ETN2,5687 Gray Avenue,,VBL10136,Complete,-123.231391,49.253188
Housing,Azalea House,AZAL,6388 Hawthorn Lane,V6T 0B9,VBL10133,Complete,-123.2495,49.257889
Academic,B.C. Binning Studios,BINN,6373 University Boulevard,V6T 1Z2,VBL10134,Complete,-123.254873,49.264605
Housing,Eton - Highrise,ETN1,3487 Binning Road,,VBL10135,Complete,-123.230573,49.253427
Housing,Tapestry at Wesbrook Village - Building 1,TAP1,3338 Wesbrook Mall,V6S 0A6,VBL10137,Complete,-123.235007,49.254742
Administrative,Old Administration Building,OAB,6328 Memorial Road,V6T 1Z2,VBL10138,Complete,-123.255508,49.267103
Operations,Old Fire Hall,FIRE,2038 West Mall,V6T 1Z2,VBL10139,Complete,-123.255572,49.265027
Services,Child Care Services - Sitka/Discovery,CCS6,5620 Osoyoos Crescent,V6T 2E6,VBL10140,Complete,-123.234523,49.259755
Services,Child Care Services - Summer of 73/Lilliput,CCS7,5690 Osoyoos Crescent,V6T 2E6,VBL10141,Complete,-123.235474,49.259443
Academic,David Lam Management Research Centre,DLAM,2033 Main Mall,V6T 1Z2,VBL10278,Complete,-123.254338,49.265713
Services,Child Care Services - Little Raven/Pacific Spirit,CCS4,5580 Osoyoos Crescent,V6T 2E6,VBL10275,Complete,-123.233795,49.260208
Services,Child Care Services - Sandpiper/Auklet,CCS5,5615 Osoyoos Crescent,V6T 1S1,VBL10276,Complete,-123.234742,49.260262
Housing,Esse,ESSE,1863 Wesbrook Mall,V6T 2J7,VBL10280,Complete,-123.248325,49.271208
Housing,West Hampstead - Building 1,WHM1,5760 Hampton Place,V6T 2G1,VBL10281,Complete,-123.235245,49.257589
Services,AMS Nest,NEST,6133 University Boulevard,V6T 1Z1,VBL10407,Complete,-123.249792,49.266536
StudentHousing,Fraternity Village,FRAT,2880 Wesbrook Mall,V6T 2J3,VBL10404,Complete,-123.238861,49.259666
Services,Frederic Wood Theatre,FRWO,6354 Crescent Road,V6T 1Z2,VBL10405,Complete,-123.256998,49.268043
Operations,Environmental Services Facility - PCB Equipment Storage,ENV5,"6025 Nurseries Road, Building 4",V6T 1W5,VBL10406,Complete,-123.228047,49.243358
Operations,Environmental Services Facility - Natural Gas Station,ENV3,"6025 Nurseries Road, Building 7",V6T 1W5,VBL10408,Complete,-123.228203,49.24362
Academic,Biological Sciences Building,BIOL,6270 University Boulevard,V6T 1Z4,VBL10409,Complete,-123.251333,49.264452
Academic,Gas Gun Facility,GASG,6301 Stadium Road,V6T 1Z4,VBL10410,Complete,-123.246039,49.256018
Academic,Geography Building,GEOG,1984 West Mall,V6T 1Z2,VBL10411,Complete,-123.256138,49.265987
StudentHousing,Point Grey Apartments,PGRA,2875 Osoyoos Crescent,V6T 2G3,VBL10145,Complete,-123.237985,49.259961
Services,Child Care Services - Tillicum/Canada Goose,CCS8,5660 Osoyoos Crescent,V6T 2E6,VBL10142,Complete,-123.234993,49.25959
Housing,Clement's Green,CLEM,6268 Eagles Drive,V6T 0A2,VBL10143,Complete,-123.245843,49.258213
Administrative,Ponderosa Office Annex A,PONA,2011 West Mall,V6T 1Z2,VBL10146,Complete,-123.256382,49.26517
Academic,Wood Drying Laboratory,WDL,2324 West Mall,V6T 1Z4,VBL10285,Complete,-123.252217,49.261486
Services,Chan Centre for the Performing Arts,CHAN,6265 Crescent Road,V6T 1Z1,VBL10282,Complete,-123.255114,49.269779
Academic,West Mall Annex,WMAX,1933 West Mall,V6T 1Z2,VBL10283,Complete,-123.257166,49.266245
Parking,West Parkade,PARW,2140 Lower Mall,V6T 1Z4,VBL10284,Complete,-123.255025,49.262596
Housing,The Bristol,BRIS,5735 Hampton Place,V6T 2G8,VBL10286,Complete,-123.235005,49.258838
Housing,The Regency,REGE,5639 Hampton Place,V6T 2H6,VBL10287,Complete,-123.232888,49.259113
Housing,Granite Terrace,GRT1,3233 Wesbrook Mall,V6S 0B4,VBL10164,Complete,-123.236985,49.254825
Athletics,Gerald McGavin UBC Rugby Centre,RUGC,2765 Wesbrook Mall,V6T 1Z3,VBL10412,Complete,-123.241322,49.259584
Operations,Environmental Services Facility - Solvent Storage Area,ENV6,"6025 Nurseries Road, Building 3",V6T 1W5,VBL10413,Complete,-123.228605,49.243731
Commercial,Granite Terrace - Commercial,GRT2,5923 Berton Avenue,V6S 0B3,VBL10414,Complete,-123.236111,49.255068
StudentHousing,Green College - A South,GRN3,"6201 Cecil Green Park Road, Building 6",V6T 1Z1,VBL10415,Complete,-123.25524,49.270939
Operations,Vanier Pump Station,VNRP,"1935 Lower Mall, Building 14",V6T 1X1,VBL10416,Complete,-123.260266,49.26482
Housing,Thames Court - Building 1,THAC1,"5880 Hampton Place, Building 1",V6T 2E9,VBL10417,Complete,-123.235779,49.25725
Athletics,Cecil Green Squash Court,CGSQ,"6251 Cecil Green Park Road, Building 1",V6T 1Z1,VBL10418,Complete,-123.257056,49.271418
Services,UBC Botanical Garden - Shop/Gatehouse Entrance,BOT1,"6804 SW Marine Drive, Building 1",V6T 1Z4,VBL10419,Complete,-123.250531,49.254029
Services,Counselling Services,CNSL,1930 East Mall,,VBL10421,UnderConstruction,-123.251994,49.268231
Operations,Pump House,PUMP,6355 University Boulevard,,VBL10420,PreConstruction,-123.254161,49.264621
Services,UBC Botanical Garden - Scholar's Retreat,BOT5,6380 Stadium Road,V6T 1Z4,VBL10004,Complete,-123.246918,49.254974
Academic,Earth and Ocean Sciences,EOS,6339 Stores Road,V6T 1Z4,VBL10001,Complete,-123.252478,49.262499
StudentHousing,Totem Park Residence - Building 6,TPR6,"2525 West Mall, Building 6",V6T 1W9,VBL10002,Complete,-123.252628,49.257453
Services,UBC Botanical Garden - Garden Pavilion,BOT4,"6804 SW Marine Drive, Building 5",V6T 1Z4,VBL10003,Complete,-123.247123,49.253249
Operations,UBC Botanical Garden - Workshop (Trailer),BOT6,6450 Stadium Road,V6T 1Z4,VBL10005,Complete,-123.247635,49.254767
Services,UBC Botanical Garden - Admin/Campbell Building,BOT2,"6804 SW Marine Drive, Building 3",V6T 1Z4,VBL10006,Complete,-123.251106,49.253884
Services,UBC Botanical Garden - Ting Lookout,BOT7,"6804 SW Marine Drive, Building 4",V6T 1Z4,VBL10007,Complete,-123.251644,49.254077
Services,UBC Botanical Garden - Reception Centre,BOT3,"6804 SW Marine Drive, Building 2",V6T 1Z4,VBL10008,Complete,-123.25124,49.254142
Housing,Greenwood Commons,GRWC,2660 Wesbrook Mall,V6T 0A5,VBL10010,Complete,-123.240073,49.260949
Administrative,Ponderosa Office Annex E,PONE,2034 Lower Mall,V6T 1Z2,VBL10151,Complete,-123.256702,49.264677
Housing,Reflections,REFL,6279 Eagles Drive,V6T 2K7,VBL10148,Complete,-123.246897,49.258249
Housing,Promontory,PROM,2688 West Mall,V6T 2J8,VBL10149,Complete,-123.247566,49.255945
Operations,University Services Building,USB,2329 West Mall,V6T 1Z4,VBL10150,Complete,-123.253783,49.261305
Administrative,Ponderosa Office Annex F,PONF,2008 Lower Mall,V6T 1Z2,VBL10152,Complete,-123.257159,49.26492
Administrative,Ponderosa Office Annex G,PONG,2044 Lower Mall,V6T 1Z2,VBL10153,Complete,-123.256445,49.264501
Administrative,Walter C. Koerner Library,KLIB,1958 Main Mall,V6T 1Z2,VBL10154,Complete,-123.255134,49.266655
Administrative,Berwick Child Development Centre,BERW,2765 Osoyoos Crescent,V6T 1X7,VBL10155,Complete,-123.238955,49.260598
Services,St. John Hospice,STJN,6389 Stadium Road,V6T 1Z4,VBL10156,Complete,-123.247385,49.255505
Other,Old Barn Community Centre,OBCC,6308 Thunderbird Boulevard,V6T 1Z4,VBL10157,Complete,-123.248286,49.258907
Housing,Argyll House East,ARGE,5958 Iona Drive,V6T 2L2,VBL10288,Complete,-123.24956,49.271404
Housing,Stirling House,STIR,6080 Iona Drive,V6T 0A4,VBL10289,Complete,-123.252464,49.270469
Housing,Chancellor Hall - Apartment,CHHA,5989 Iona Drive,V6T 2L7,VBL10290,Complete,-123.250472,49.271899
Academic,Iona Building,IONA,6000 Iona Drive,V6T 1L4,VBL10292,Complete,-123.250321,49.270988
Housing,Wyndham Hall,WYND,5683 Hampton Place,V6T 2H3,VBL10293,Complete,-123.23417,49.259329
Other,AYO Smart Home,AYOH,5935 Agronomy Road,V6T 1Z3,VBL10294,Complete,-123.243428,49.263035
StudentHousing,Acadia Park Residence - President's Row,APRP,5501 Presidents Row,V6T 1L5,VBL10295,Complete,-123.238996,49.265317
Academic,Robert F. Osborne Centre - Unit 2,OSB2,"6108 Thunderbird Boulevard, Building 2",V6T 1Z3,VBL10296,Complete,-123.24432,49.259969
Housing,Coast - Apartment West,COSW,6093 Iona Drive,V6T 0B2,VBL10297,Complete,-123.25321,49.27074
Commons,Brock Commons North,BRCN,6177 Walter Gage Road,,VBL10423,PreConstruction,-123.252618,49.269569
Research,TRIUMF - Institute of Advanced Medical Isotopes (IAMI),TRF29,"4004 Wesbrook Mall, Building 28",V6T 2A3,VBL10425,UnderConstruction,-123.228275,49.246796
Housing,Evolve,EVLV,3508 Wesbrook Mall,,VBL10422,PreConstruction,-123.233231,49.252338
Commons,Brock Commons South,BRCS,6180 Walter Gage Road,,VBL10424,PreConstruction,-123.252366,49.269083
Services,Arts Student Centre,ASC,1860 East Mall,V6T 1Z1,VBL10426,PreConstruction,-123.253078,49.269288
Administrative,Technology Enterprise Facility 4,TEF4,2425 Health Sciences Mall,V6T 1Z3,VBL10429,UnderConstruction,-123.245773,49.261291
Housing,Conservatory - Highrise,CSY2,5608 Berton Avenue,,VBL10427,PreConstruction,-123.231514,49.256042
Operations,UBC Farm - Greenhouse 1,FRM4,"3461 Ross Drive, Building 3",V6T 1W5,VBL10009,Complete,-123.238944,49.251132
Services,UBC Botanical Garden - Alpine Garden Greenhouse,BOT8,"6804 SW Marine Drive, Building 6",V6T 1Z4,VBL10431,Complete,-123.245837,49.253632
Academic,Plant Science Field Station,PLS1,"2613 West Mall, Building 2",V6T 1Z4,VBL10433,Complete,-123.249415,49.256215
Academic,Plant Science Garage,PLS2,"2613 West Mall, Building 1",V6T 1Z4,VBL10432,Complete,-123.249256,49.256425
StudentHousing,Green College - Kitchen/Laundry,GRN2,"6201 Cecil Green Park Road, Building 9",V6T 1Z1,VBL10434,Complete,-123.255577,49.270994
Academic,UBC Farm - Farm Centre,FRM1,"3461 Ross Drive, Building 1",V6T 1W5,VBL10014,Complete,-123.240131,49.251577
Housing,Vista Point,VIST,5828 Thunderbird Boulevard,V6T 0B8,VBL10011,Complete,-123.240257,49.261695
Operations,UBC Farm - Greenhouse 2,FRM5,"3461 Ross Drive, Building 4",V6T 1W5,VBL10012,Complete,-123.239035,49.251033
Commons,"Orchard Commons - Vantage College, Bartlett/Braeburn House",ORCH,6363 Agronomy Road,V6T 1Z4,VBL10013,Complete,-123.251377,49.260502
Operations,UBC Farm - Children's Greenhouse,FRM3,"3461 Ross Drive, Building 2",V6T 1W5,VBL10015,Complete,-123.23981,49.251464
Academic,Centre for Comparative Medicine,CCM,4145 Wesbrook Mall,V6T 1W5,VBL10017,Complete,-123.233695,49.246842
Housing,Larkspur House,LARK,3428 Wesbrook Mall,V6S 0G9,VBL10018,Complete,-123.234058,49.253548
Operations,Environmental Services Facility - Waste Processing & Storage,ENV7,"6025 Nurseries Road, Building 6",V6T 1W5,VBL10019,Complete,-123.228693,49.243437
Administrative,FERIC,FERC,2601 East Mall,V6T 1Z4,VBL10020,Complete,-123.244548,49.257744
Research,FPInnovations,FPIN,2665 East Mall,V6T 1Z4,VBL10021,Complete,-123.244467,49.256798
Athletics,War Memorial Gymnasium,MGYM,6081 University Boulevard,V6T 1Z1,VBL10161,Complete,-123.247672,49.266771
Housing,Tamarack House,TAMK,6230 Thunderbird Boulevard,V6T 0C3,VBL10159,Complete,-123.246339,49.259593
Housing,Legacy,LGCY,6333 Larkin Drive,V6T 0A7,VBL10160,Complete,-123.248016,49.257457
Academic,Centre for Interactive Research on Sustainability,CIRS,2260 West Mall,V6T 1Z4,VBL10162,Complete,-123.253079,49.26205
Services,Abdul Ladha Science Student Centre,ALSC,2055 East Mall,V6T 1Z1,VBL10163,Complete,-123.251362,49.266079
Housing,The Mews,MEWS,3333 Wesbrook Mall,V6S 0E3,VBL10165,Complete,-123.235704,49.254536
Commercial,Wesbrook Professional Centre,WPRO,3313 Shrum Lane,V6S 0C8,VBL10166,Complete,-123.23633,49.254469
Housing,Yu,YU,5955 Birney Avenue,V6S 0C5,VBL10167,Complete,-123.236055,49.253554
StudentHousing,Walter H. Gage Residence - Apartment,WGR2,5980 Walter Gage Road,V6T 1K2,VBL10301,Complete,-123.24901,49.270138
Housing,Argyll House West,ARGW,6018 Iona Drive,V6T 2L1,VBL10298,Complete,-123.251327,49.270781
Housing,Coast - Apartment East,COSE,6063 Iona Drive,V6T 0B1,VBL10300,Complete,-123.252559,49.271039
Other,Vancouver School of Theology,VST,6015 Walter Gage Road,V6T 1Z1,VBL10302,Complete,-123.251063,49.270385
Housing,Corus,CORS,5989 Walter Gage Road,V6T 0A8,VBL10303,Complete,-123.249362,49.270655
Academic,West Mall Swing Space Building,SWNG,2175 West Mall,V6T 1Z4,VBL10304,Complete,-123.254389,49.26279
Housing,Westpoint,WSPT,6005 Walter Gage Road,V6T 0B3,VBL10305,Complete,-123.250441,49.270246
Services,Child Care Services Administration Building,CCSA,2881 Acadia Road,V6T 1S1,VBL10306,Complete,-123.234229,49.26092
Athletics,Doug Mitchell Thunderbird Sports Centre,THUN,6066 Thunderbird Boulevard,V6T 1Z3,VBL10307,Complete,-123.241947,49.260342
Research,TRIUMF - Badge Room,TRF04,"4004 Wesbrook Mall, Building 2",V6T 2A3,VBL10026,Complete,-123.230285,49.247509
Services,Green College - D Graham House,GRN7,"6201 Cecil Green Park Road, Building 4",V6T 1Z1,VBL10189,Complete,-123.256254,49.271282
Research,TRIUMF - Accelerator,TRF02,"4004 Wesbrook Mall, Building 7",V6T 2A3,VBL10022,Complete,-123.229307,49.247241
Research,TRIUMF - Accelerator Trailer,TRF03,"4004 Wesbrook Mall, Building 15",V6T 2A3,VBL10023,Complete,-123.230129,49.246851
Operations,Power House,POWR,2040 West Mall,V6T 1Z2,VBL10024,Complete,-123.2548,49.265211
Research,TRIUMF - ARIEL,TRF01,"4004 Wesbrook Mall, Building 4",V6T 2A3,VBL10025,Complete,-123.229956,49.247688
Research,TRIUMF - Compressor Building,TRF05,"4004 Wesbrook Mall, Building 14",V6T 2A3,VBL10027,Complete,-123.229949,49.246657
Research,TRIUMF - Equipment Marque,TRF06,"4004 Wesbrook Mall, Building 20",V6T 2A3,VBL10028,Complete,-123.230714,49.246738
Research,TRIUMF - Hazardous Storage,TRF08,"4004 Wesbrook Mall, Building 13",V6T 2A3,VBL10030,Complete,-123.229338,49.24672
Research,TRIUMF - ISAC 1,TRF09,"4004 Wesbrook Mall, Building 6",V6T 2A3,VBL10031,Complete,-123.229471,49.247857
Research,TRIUMF - ISAC 2,TRF10,"4004 Wesbrook Mall, Building 5",V6T 2A3,VBL10032,Complete,-123.229391,49.248283
Research,TRIUMF - Liquid Helium Storage,TRF11,"4004 Wesbrook Mall, Building 18",V6T 2A3,VBL10033,Complete,-123.230787,49.246918
Research,TRIUMF - Nina Storage Shelter,TRF13,"4004 Wesbrook Mall, Building 23",V6T 2A3,VBL10034,Complete,-123.230432,49.245982
Housing,Webber House,WEBH,3388 Webber Lane,V6S 0J8,VBL10171,Complete,-123.236769,49.2533
Other,Wesbrook Community Centre,WCOM,3335 Webber Lane,V6S 0H3,VBL10168,Complete,-123.237571,49.254029
Housing,Pacific,PACC,5928 Birney Avenue,V6S 0B5,VBL10169,Complete,-123.23499,49.253273
Housing,Village Square,VSQU,3338 Webber Lane,V6S 0J7,VBL10170,Complete,-123.236368,49.253967
Housing,Sail - Building 1,SAL1,5983 Gray Avenue,V6S 0G8,VBL10172,Complete,-123.23523,49.252234
StudentHousing,Green College - B East,GRN5,"6201 Cecil Green Park Road, Building 7",V6T 1Z1,VBL10174,Complete,-123.256004,49.270833
Housing,The Balmoral,BALM,5615 Hampton Place,V6T 2H1,VBL10175,Complete,-123.232724,49.258484
StudentHousing,Green College - D Coach House,GRN6,"6201 Cecil Green Park Road, Building 2",V6T 1Z1,VBL10176,Complete,-123.256545,49.271146
Commons,Ponderosa Commons East - Audain Art Centre/Spruce House,PCE,6398 University Boulevard,V6T 1Z4,VBL10311,Complete,-123.254422,49.263787
StudentHousing,Acadia House,ACAH,2700 Acadia Road,V6T 1R9,VBL10308,Complete,-123.235913,49.262883
Housing,Folio - Apartment,FOL1,5955 Iona Drive,V6T 2L4,VBL10309,Complete,-123.249755,49.272103
Commons,Ponderosa Commons West - Arbutus/Maple House,PCW,6488 University Boulevard,V6T 1Z4,VBL10310,Complete,-123.255609,49.263451
Commons,Ponderosa Commons North - Oak/Cedar House,PCN,6445 University Boulevard,V6T 1Z2,VBL10312,Complete,-123.256182,49.264086
StudentHousing,Panhellenic House,PANH,2770 Wesbrook Mall,V6T 2B7,VBL10313,Complete,-123.239585,49.260111
Housing,Axis,AXIS,6090 Iona Drive,V6T 0B6,VBL10314,Complete,-123.252236,49.270004
Services,Morris and Helen Belkin Art Gallery,BART,1825 Main Mall,V6T 1Z2,VBL10315,Complete,-123.256225,49.268172
StudentHousing,Marine Drive Residence - 2,MAR2,"2205 Lower Mall, Building 2",V6T 1Z4,VBL10317,Complete,-123.256768,49.261875
Academic,George Cunningham Building,CUNN,2146 East Mall,V6T 1Z3,VBL10039,Complete,-123.248748,49.26479
Research,TRIUMF - Plant Storage,TRF15,"4004 Wesbrook Mall, Building 27",V6T 2A3,VBL10035,Complete,-123.229637,49.245997
Research,TRIUMF - Stores Building,TRF17,"4004 Wesbrook Mall, Building 22",V6T 2A3,VBL10037,Complete,-123.230593,49.246533
Research,TRIUMF - Trailer A,TRF18,"4004 Wesbrook Mall, Building 21",V6T 2A3,VBL10038,Complete,-123.230343,49.246578
Housing,Keenleyside,KEEN,5788 Birney Avenue,V6S 0A2,VBL10040,Complete,-123.233177,49.253955
Housing,Sumac House,SUMA,6395 Hawthorn Lane,V6T 0C1,VBL10041,Complete,-123.250055,49.258277
Academic,Frederic Lasserre Building,LASR,6333 Memorial Road,V6T 1Z2,VBL10042,Complete,-123.255992,49.267592
Administrative,Gerald McGavin Building,GMCG,2386 East Mall,V6T 1Z3,VBL10043,Complete,-123.246766,49.261788
Academic,Frank Forward Building,FORW,6350 Stores Road,V6T 1Z4,VBL10044,Complete,-123.251707,49.261686
Research,Pulp and Paper Centre,PAPC,2385 East Mall,V6T 1Z4,VBL10045,Complete,-123.247581,49.261414
Services,The Barn - Owl Child Care,BARN,2323 Main Mall,V6T 1Z4,VBL10181,Complete,-123.251122,49.261931
Academic,Liu Institute for Global Issues,LIU,6476 NW Marine Drive,V6T 1Z2,VBL10177,Complete,-123.259278,49.267555
Other,Telus Hub,TELS,5895 Berton Avenue,V6T 1W5,VBL10179,Complete,-123.235473,49.255225
StudentHousing,Green College - Guest House,GRN9,"6201 Cecil Green Park Road, Building 1",V6T 1Z1,VBL10180,Complete,-123.256523,49.270857
Housing,Tapestry at Wesbrook Village - Building 2,TAP2,3382 Wesbrook Mall,V6S 0A7,VBL10182,Complete,-123.234523,49.254142
Housing,Academy - Highrise,ACD1,5728 Berton Avenue,V6S 0E5,VBL10183,Complete,-123.233049,49.25559
Housing,The Wesbrook - Highrise,WSB1,5838 Berton Avenue,V6S 0A5,VBL10184,Complete,-123.234504,49.255081
Services,Acadia Commonsblock,ACOM,"2707 Tennis Crescent, Building 1",V6T 2E5,VBL10185,Complete,-123.237352,49.26263
Services,Ambulance Station,AMBS,2333 Wesbrook Mall,V6T 1Z3,VBL10186,Complete,-123.243605,49.263238
Housing,Sage - Highrise,SAG1,5782 Berton Avenue,V6S 0C1,VBL10187,Complete,-123.233709,49.255264
Housing,Pine House,PINE,3588 Ross Drive,V6S 0K3,VBL10321,Complete,-123.234275,49.251427
Services,UBC Hospital - Koerner Pavilion,KPAV,2211 Wesbrook Mall,V6T 1Z3,VBL10318,Complete,-123.245982,49.264151
StudentHousing,Marine Drive Residence - 1 Simon Lee,MAR1,"2205 Lower Mall, Building 1",V6T 1Z4,VBL10319,Complete,-123.255886,49.262002
Housing,TRIUMF House,TRFH,5835 Thunderbird Boulevard,V6T 2L6,VBL10320,Complete,-123.241234,49.262043
Housing,Cypress House,CYPR,5988 Gray Avenue,V6S 0K4,VBL10322,Complete,-123.234693,49.251928
Academic,Buchanan Building,BUCH,1866 Main Mall,V6T 1Z1,VBL10323,Complete,-123.25447,49.268693
Academic,Buchanan Tower,BUTO,1873 East Mall,V6T 1Z1,VBL10324,Complete,-123.253504,49.268575
StudentHousing,Place Vanier Residence - Aldyen Hamber House,VNR01,"1935 Lower Mall, Building 13",V6T 1X1,VBL10325,Complete,-123.258794,49.265267
StudentHousing,Place Vanier Residence - Margaret Mackenzie House,VNR07,"1935 Lower Mall, Building 12",V6T 1X1,VBL10326,Complete,-123.259142,49.26569
Academic,Chemistry Physics Building,CHPH,6221 University Boulevard,V6T 1Z1,VBL10327,Complete,-123.251534,49.265728
Research,TRIUMF - Trailer LL,TRF22,"4004 Wesbrook Mall, Building 17",V6T 2A3,VBL10050,Complete,-123.230961,49.24689
Services,Public Safety Building - RCMP + Fire,PSAB,2990 Wesbrook Mall,V6T 2B7,VBL10046,Complete,-123.238156,49.258948
Academic,Hebb Building,HEBB,2045 East Mall,V6T 1Z1,VBL10047,Complete,-123.251648,49.266132
Research,TRIUMF - Trailer HH & FF,TRF21,"4004 Wesbrook Mall, Building 3",V6T 2A3,VBL10049,Complete,-123.230638,49.248306
Services,Rodney Graham Millennium Sculpture Pavilion,RSCU,1940 Main Mall,V6T 1Z1,VBL10051,Complete,-123.254508,49.267523
Research,TRIUMF - Trailer PP,TRF24,"4004 Wesbrook Mall, Building 25",V6T 2A3,VBL10053,Complete,-123.229145,49.246359
Parking,Rose Garden Parkade,PARR,6278 NW Marine Drive,V6T 1Z1,VBL10054,Complete,-123.256306,49.269107
Athletics,Rugby Pavilion,RUGB,2584 East Mall,V6T 1Z3,VBL10055,Complete,-123.244018,49.258669
Research,TRIUMF - Trailer Q,TRF25,"4004 Wesbrook Mall, Building 19",V6T 2A3,VBL10056,Complete,-123.230628,49.246812
Research,TRIUMF - Trailer RR,TRF26,"4004 Wesbrook Mall, Building 16",V6T 2A3,VBL10057,Complete,-123.230826,49.247133
Housing,Magnolia House,MAGN,3565 Wesbrook Mall,V6S 0H1,VBL10191,Complete,-123.233538,49.251536
Housing,Sage - Townhouses,SAG2,"5782 Berton Avenue, Building 1",V6S 0C1,VBL10188,Complete,-123.233503,49.254979
Services,Green College - D Commons,GRN8,"6201 Cecil Green Park Road, Building 3",V6T 1Z1,VBL10435,Complete,-123.256697,49.271296
StudentHousing,Green College - Principal's Residence,GRN10,6205 Cecil Green Park Road,V6T 1Z1,VBL10190,Complete,-123.256959,49.270906
Operations,Main Substation,MSUB,2446 Health Sciences Mall,V6T 1Z3,VBL10192,Complete,-123.244362,49.261352
StudentHousing,Fairview Crescent Residence - Building 1,FAR1,2600 Fairview Crescent,V6T 2B9,VBL10193,Complete,-123.239655,49.263308
StudentHousing,Green College - A North,GRN1,"6201 Cecil Green Park Road, Building 5",V6T 1Z1,VBL10194,Complete,-123.255639,49.271156
Operations,UBC Botanical Garden Nursery - Workshop,BON2,"3929 Wesbrook Mall, Building 1",V6T 1W5,VBL10195,Complete,-123.234451,49.249521
Administrative,Brock Hall,BRCK,1874 East Mall,V6T 1Z1,VBL10331,Complete,-123.252066,49.268649
Academic,Chemistry Building,CHEM,2036 Main Mall,V6T 1Z1,VBL10328,Complete,-123.252684,49.265806
Academic,Civil and Mechanical Engineering Building,CEME,6250 Applied Science Lane,V6T 1Z4,VBL10329,Complete,-123.248891,49.262558
Academic,Civil and Mechanical Engineering Laboratories,CEML,2275 East Mall,V6T 1Z4,VBL10330,Complete,-123.249351,49.263122
Administrative,Campus and Community Planning,CCP,2210 West Mall,V6T 1Z4,VBL10332,Complete,-123.253284,49.262441
Academic,D.H. Copp Building,COPP,2146 Health Sciences Mall,V6T 1Z3,VBL10333,Complete,-123.247549,49.265533
Services,UBC Hospital - Detwiller Pavilion,DPAV,2255 Wesbrook Mall,V6T 1Z3,VBL10334,Complete,-123.244473,49.263557
Services,Old Auditorium,AUDI,6344 Memorial Road,V6T 1Z2,VBL10335,Complete,-123.256101,49.266897
Academic,Chemical and Biological Engineering Building,CHBE,2360 East Mall,V6T 1Z3,VBL10062,Complete,-123.247072,49.262478
Research,TRIUMF - Shipping / Workshop,TRF28,6095 Nurseries Road,V6T 2A3,VBL10059,Complete,-123.230074,49.246236
Academic,HR MacMillan Building,MCML,2357 Main Mall,V6T 1Z4,VBL10060,Complete,-123.250752,49.261068
Research,TRIUMF - Machine Shop Materials,TRF12,"4004 Wesbrook Mall, Building 24",V6T 2A3,VBL10061,Complete,-123.229845,49.246373
Research,TRIUMF - Trailer GG,TRF20,"4004 Wesbrook Mall, Building 26",V6T 2A3,VBL10063,Complete,-123.229348,49.246181
Academic,Wayne and William White Engineering Design Centre,EDC,2345 East Mall,V6T 1Z4,VBL10064,Complete,-123.248167,49.262339
Services,UBC Bookstore,BOOK,6200 University Boulevard,V6T 1Z4,VBL10065,Complete,-123.250614,49.264987
Academic,The Brimacombe Building,BRIM,2355 East Mall,V6T 1Z4,VBL10066,Complete,-123.248079,49.261856
Academic,Henry Angus Building,ANGU,2053 Main Mall,V6T 1Z2,VBL10067,Complete,-123.253922,49.265125
Academic,Coal and Mineral Processing Laboratory,MINL,2332 West Mall,V6T 1Z4,VBL10068,Complete,-123.252029,49.261163
Operations,Bioenergy Research and Demonstration Facility,BRDF,2337 Lower Mall,V6T 1Z4,VBL10069,Complete,-123.254573,49.260277
Administrative,David Strangway Building,STRG,5950 University Boulevard,V6T 1Z3,VBL10070,Complete,-123.246187,49.265847
StudentHousing,Green College - Admin,GRN4,"6201 Cecil Green Park Road, Building 8",V6T 1Z1,VBL10200,Complete,-123.256319,49.270988
Operations,UBC Botanical Garden Nursery - Greenhouses,BON1,"3929 Wesbrook Mall, Building 2",V6T 1W5,VBL10196,Complete,-123.234953,49.249455
StudentHousing,Fairview Crescent Residence - Building 2,FAR2,2763 Fairview Crescent,V6T 2B8,VBL10198,Complete,-123.239819,49.262993
Housing,Academy - Townhouses,ACD2,"5728 Berton Avenue, Building 1",V6S 0E5,VBL10199,Complete,-123.232779,49.255182
Academic,Mary Bollert Hall,MBOL,6253 NW Marine Drive,V6T 1Z1,VBL10201,Complete,-123.256024,49.270573
Operations,Materials Recovery Facility,MARF,6055 Nurseries Road,V6T 1W5,VBL10203,Complete,-123.228539,49.245784
Academic,Anthropology and Sociology Building,ANSO,6303 NW Marine Drive,V6T 1Z1,VBL10204,Complete,-123.2577,49.270313
Housing,The Pemberley,PEMB,5605 Hampton Place,V6T 2H2,VBL10205,Complete,-123.232204,49.258019
Housing,The Stratford,STRA,5657 Hampton Place,V6T 2H4,VBL10206,Complete,-123.233453,49.259631
Operations,Campus Energy Centre,CEC,6130 Agronomy Road,V6T 1Z3,VBL10339,Complete,-123.245092,49.261645
Housing,Prodigy - Building 2,PRD2,3462 Ross Drive,V6S 0H6,VBL10336,Complete,-123.236616,49.251621
Operations,Building Operations Nursery,BONR,6029 Nurseries Road,V6T 1W5,VBL10337,Complete,-123.228779,49.244333
Academic,C.K. Choi Building for the Institute of Asian Research,CHOI,1855 West Mall,V6T 1Z2,VBL10338,Complete,-123.257957,49.267268
Housing,Ultima,ULTM,3479 Wesbrook Mall,V6S 0B7,VBL10340,Complete,-123.234392,49.252732
Administrative,Cecil Green Park Coach House,CGPC,6323 Cecil Green Park Road,V6T 1Z1,VBL10341,Complete,-123.258473,49.270999
Administrative,Cecil Green Park House,CGPH,6251 Cecil Green Park Road,V6T 1Z1,VBL10342,Complete,-123.257677,49.271375
Administrative,Ponderosa Office Annex B,PONB,2029 West Mall,V6T 1Z2,VBL10343,Complete,-123.255964,49.264843
Administrative,Ponderosa Office Annex C,PONC,2021 West Mall,V6T 1Z2,VBL10344,Complete,-123.256263,49.264858
Housing,Virtuoso,VIRT,3581 Ross Drive,V6S 0K5,VBL10345,Complete,-123.23395,49.250717
StudentHousing,Spirit Park Apartments,SPPA,2705 Osoyoos Crescent,V6T 1X7,VBL10074,Complete,-123.239378,49.261495
Athletics,UBC Aquatic Centre,AQUA,6080 Student Union Boulevard,V6T 1Z1,VBL10071,Complete,-123.248567,49.267812
Academic,Earth Sciences Building,ESB,2207 Main Mall,V6T 1Z4,VBL10072,Complete,-123.252163,49.263055
Academic,Engineering Student Centre,ESC,2335 Engineering Road,V6T 1Z4,VBL10073,Complete,-123.249272,49.262192
StudentHousing,Sopron House,SOPR,2730 Acadia Road,V6T 1R9,VBL10075,Complete,-123.235345,49.262177
Housing,The Wesbrook - Townhouses,WSB2,"5838 Berton Avenue, Building 1",V6S 0A5,VBL10076,Complete,-123.234202,49.254725
Operations,South Campus Warehouse,SCWH,6116 Nurseries Road,V6T 1W5,VBL10077,Complete,-123.231866,49.24625
Academic,Institute for Computing Information and Cognitive Systems / Computer Science,ICCS,2366 Main Mall,V6T 1Z4,VBL10078,Complete,-123.248831,49.261174
Housing,Binning Tower - Highrise,BINH,3355 Binning Road,V6S 0J1,VBL10210,Complete,-123.231358,49.255443
Operations,Building Operations Storage Shed,BOSS,2214 Lower Mall,V6T 1Z4,VBL10207,Complete,-123.254414,49.262185
Other,Carey Hall (Carey Theological College),CRYH,1815 Wesbrook Mall,V6T 1J6,VBL10208,Complete,-123.248534,49.271734
Academic,Theatre-Film Production Building,TFPB,6358 University Boulevard,V6T 1Z4,VBL10209,Complete,-123.253933,49.263871
Commons,Brock Commons - Tallwood House,BRCE,"6088 Walter Gage Road, Building 1",V6T 1Z1,VBL10212,Complete,-123.25133,49.269514
Housing,Mundell House,MUNH,6038 Birney Avenue,,VBL10213,UnderConstruction,-123.236061,49.252932
Athletics,Thunderbird Stadium,STAD,6288 Stadium Road,V6T 1Z4,VBL10214,Complete,-123.244574,49.254761
StudentHousing,Thunderbird Residence - Selkirk,THR3,"6335 Thunderbird Crescent, Building 3",V6T 2G9,VBL10215,Complete,-123.249497,49.259272
Housing,Prodigy - Building 1,PRD1,6033 Gray Avenue,V6S 0G3,VBL10349,Complete,-123.235956,49.251652
Administrative,Technology Enterprise Facility 3,TEF3,6190 Agronomy Road,V6T 1Z3,VBL10346,Complete,-123.246304,49.26115
Housing,Cascara House,CASC,6385 Hawthorn Lane,V6T 0C1,VBL10347,Complete,-123.249669,49.258465
Academic,Sing Tao Building,STAO,6388 Crescent Road,V6T 1Z2,VBL10348,Complete,-123.257746,49.267826
Academic,Library PARC@UBC,PARC,6049 Nurseries Road,V6T 1W5,VBL10351,Complete,-123.229679,49.245095
Housing,The Residences at Nobel Park - Townhouses,REN2,3483 Ross Drive,,VBL10352,UnderConstruction,-123.236412,49.250912
Academic,"Food, Nutrition and Health Building",FNH,2205 East Mall,V6T 1Z4,VBL10082,Complete,-123.249748,49.263992
StudentHousing,Thunderbird Residence - Hazelton,THR5,"6335 Thunderbird Crescent, Building 5",V6T 2G9,VBL10079,Complete,-123.246686,49.260235
Academic,Irving K. Barber Learning Centre,IBLC,1961 East Mall,V6T 1Z1,VBL10080,Complete,-123.252745,49.267583
Academic,Jack Bell Building for the School of Social Work,SOWK,2080 West Mall,V6T 1Z2,VBL10081,Complete,-123.255099,49.264476
Academic,Continuing Studies Building,CSB,2121 West Mall,V6T 1Z4,VBL10083,Complete,-123.255022,49.263338
Academic,Biomedical Research Centre,BRC,2222 Health Sciences Mall,V6T 1Z3,VBL10084,Complete,-123.24719,49.26412
Academic,Fred Kaiser Building,KAIS,2332 Main Mall,V6T 1Z4,VBL10085,Complete,-123.250079,49.262352
Academic,Beaty Biodiversity Centre,BETY,2212 Main Mall,V6T 1Z4,VBL10086,Complete,-123.250343,49.263442
Academic,Aquatic Ecosystems Research Laboratory,AERL,2202 Main Mall,V6T 1Z4,VBL10087,Complete,-123.250984,49.263761
Housing,Crescent West,CRSW,5879 Gray Avenue,V6S 0A9,VBL10219,Complete,-123.232746,49.253143
Academic,Mathematics Annex,MATX,1986 Mathematics Road,V6T 1Z2,VBL10216,Complete,-123.254854,49.266106
StudentHousing,Marine Drive Residence - 4,MAR4,"2205 Lower Mall, Building 4",V6T 1Z4,VBL10217,Complete,-123.255355,49.261559
StudentHousing,Marine Drive Residence - 6,MAR6,"2205 Lower Mall, Building 6",V6T 1Z4,VBL10218,Complete,-123.256074,49.261076
Academic,Michael Smith Laboratories,MSL,2185 East Mall,V6T 1Z4,VBL10221,Complete,-123.250207,49.264564
Academic,UBC Research Ponds,RESP,4069 Wesbrook Mall,V6T 1W5,VBL10222,Complete,-123.232721,49.247161
Housing,Central,CNTL,6015 University Boulevard,V6T 0C4,VBL10356,Complete,-123.247244,49.266347
Housing,The Residences at Nobel Park - Apartment,REN1,3533 Ross Drive,,VBL10353,UnderConstruction,-123.234997,49.250616
Parking,UBC Exchange,TRAN,1985 Wesbrook Mall,V6T 2C9,VBL10354,Complete,-123.247729,49.268347
Parking,University Boulevard Lot,ULOT,6131 University Boulevard,V6T 1Z3,VBL10355,Complete,-123.248957,49.266712
Parking,Health Sciences Parkade,PARH,2250 Health Sciences Mall,V6T 1Z3,VBL10357,Complete,-123.247851,49.2634
StudentHousing,Place Vanier Residence - Robson House,VNR10,"1935 Lower Mall, Building 7",V6T 1X1,VBL10358,Complete,-123.258437,49.263908
Academic,Hennings Building,HENN,6224 Agricultural Road,V6T 1Z1,VBL10359,Complete,-123.252206,49.266441
Athletics,National Soccer Development Centre,NSDC,3065 Wesbrook Mall,V6T 1Z3,VBL10091,Complete,-123.240037,49.257119
Services,Marine Drive Residence - 3 Commonsblock,MAR3,"2205 Lower Mall, Building 3",V6T 1Z4,VBL10088,Complete,-123.256855,49.261412
StudentHousing,Marine Drive Residence - 5,MAR5,"2205 Lower Mall, Building 5",V6T 1Z4,VBL10089,Complete,-123.254908,49.261116
Athletics,UBC Tennis Centre,TENN,6160 Thunderbird Boulevard,V6T 1Z3,VBL10090,Complete,-123.24386,49.259491
Academic,Chan Gunn Pavilion,GUNN,2553 Wesbrook Mall,V6T 1Z3,VBL10092,Complete,-123.241614,49.260961
Academic,Leon and Thea Koerner University Centre,UCEN,6331 Crescent Road,V6T 1Z2,VBL10093,Complete,-123.257222,49.268896
Academic,Medical Sciences Block C,MEDC,2176 Health Sciences Mall,V6T 1Z3,VBL10094,Complete,-123.247878,49.264971
Academic,Neville Scarfe Building,SCRF,2125 Main Mall,V6T 1Z4,VBL10095,Complete,-123.253098,49.26397
Housing,Dahlia House,DAHL,3515 Wesbrook Mall,V6S 0H2,VBL10096,Complete,-123.233923,49.25214
Operations,Lower Mall Header House,LMHH,2331 Lower Mall,V6T 1Z4,VBL10097,Complete,-123.254818,49.260524
Academic,Totem Field Studios,TFS1,2613 West Mall,V6T 1Z4,VBL10223,Complete,-123.249005,49.25612
Housing,Gardenia House,GARD,6309 Larkin Drive,V6T 0C2,VBL10224,Complete,-123.248966,49.258728
Housing,Journey,JOUR,6328 Larkin Drive,V6T 2K2,VBL10225,Complete,-123.247486,49.258032
Academic,Asian Centre,ACEN,1871 West Mall,V6T 1Z2,VBL10227,Complete,-123.258709,49.266747
Administrative,Auditorium Annexes,AUDX,1924 West Mall,V6T 1Z2,VBL10228,Complete,-123.256625,49.266575
Academic,Mathematics Building,MATH,1984 Mathematics Road,V6T 1Z2,VBL10229,Complete,-123.255554,49.266451
Administrative,Hugh Dempster Pavilion,DMP,6245 Agronomy Road,V6T 1Z4,VBL10363,Complete,-123.248044,49.261251
StudentHousing,Place Vanier Residence - Cariboo House,VNR02,"1935 Lower Mall, Building 6",V6T 1X1,VBL10360,Complete,-123.258973,49.26374
Other,Hillel House - Diamond Foundation Centre for Jewish Campus Life,HILL,6145 Student Union Boulevard,V6T 1Z1,VBL10361,Complete,-123.251328,49.268616
Academic,Horticulture Building,HORT,6394 Stores Road,V6T 1Z4,VBL10362,Complete,-123.252772,49.261395
Operations,In-Vessel Composting Facility,COMP,6035 Nurseries Road,V6T 1W5,VBL10364,Complete,-123.228013,49.244844
StudentHousing,Place Vanier Residence - Sherwood Lett House,VNR11,"1935 Lower Mall, Building 4",V6T 1X1,VBL10365,Complete,-123.257533,49.263393
Academic,John Barfoot Macdonald Building,MCDN,2199 Wesbrook Mall,V6T 1Z3,VBL10366,Complete,-123.245336,49.265339
StudentHousing,Place Vanier Residence - Tec De Monterrey House,VNR12,"1935 Lower Mall, Building 8",V6T 1X1,VBL10367,Complete,-123.259536,49.264033
StudentHousing,Place Vanier Residence - Phyllis Ross House,VNR09,"1935 Lower Mall, Building 11",V6T 1X1,VBL10368,Complete,-123.259613,49.265321
StudentHousing,Place Vanier Residence - Tweedsmuir House,VNR13,"1935 Lower Mall, Building 5",V6T 1X1,VBL10369,Complete,-123.258307,49.263479
StudentHousing,Exchange Residence,EXCH,5960 Student Union Boulevard,V6T 2C9,VBL10370,Complete,-123.247698,49.268598
Administrative,International House,INTL,1783 West Mall,V6T 1Z2,VBL10371,Complete,-123.258963,49.267805
Academic,Music Building,MUSC,6361 Memorial Road,V6T 1Z2,VBL10101,Complete,-123.256792,49.267436
StudentHousing,Thunderbird Residence - Coast,THR4,"6335 Thunderbird Crescent, Building 4",V6T 2G9,VBL10098,Complete,-123.247556,49.259928
Academic,Hector J. MacLeod Building,MCLD,2356 Main Mall,V6T 1Z4,VBL10099,Complete,-123.249401,49.261713
Operations,Lower Mall Research Station,LMRS,2259 Lower Mall,V6T 1Z4,VBL10100,Complete,-123.255519,49.260542
Academic,P. A. Woodward Instructional Resources Centre,IRC,2194 Health Sciences Mall,V6T 1Z3,VBL10102,Complete,-123.24685,49.264818
Services,Djavad Mowafaghian Centre for Brain Health,CBH,2215 Wesbrook Mall,V6T 1Z3,VBL10103,Complete,-123.244565,49.264273
Academic,Allard Hall,ALRD,1822 East Mall,V6T 1Z1,VBL10104,Complete,-123.253294,49.270054
Parking,North Parkade,PARN,6115 Student Union Boulevard,V6T 1Z1,VBL10234,Complete,-123.250935,49.269042
Services,Nitobe Memorial Garden,NITO,1895 Lower Mall,V6T 1Z2,VBL10230,Complete,-123.259227,49.266162
Housing,Focal,FOCL,6111 University Boulevard,V6T 0C7,VBL10232,UnderConstruction,-123.248424,49.266174
Services,Norman MacKenzie House,MCKH,6565 NW Marine Drive,V6T 1A7,VBL10233,Complete,-123.261198,49.267663
Services,Museum of Anthropology,MOA,6393 NW Marine Drive,V6T 1Z2,VBL10235,Complete,-123.259431,49.269501
Services,Child Care Services - Willow,MCC3,2845 Revelstoke Court,V6T 1S1,VBL10375,Complete,-123.235332,49.26084
Services,Child Care Services - Saw-Whet,MCC1,2850 Salmo Court,V6T 1S1,VBL10372,Complete,-123.236533,49.260392
Services,Child Care Services - Barish,MCC2,2835 Revelstoke Court,V6T 1S1,VBL10373,Complete,-123.235488,49.260488
Services,Kids Club,KIDS,2855 Acadia Road,V6T 1S1,VBL10374,Complete,-123.234812,49.26173
Services,Ladner Clock Tower,CLCK,1956 Main Mall,V6T 1Z1,VBL10376,Complete,-123.253632,49.267397
Academic,Landscape Architecture Annex,LAX,2371 Main Mall,V6T 1Z4,VBL10377,Complete,-123.250073,49.260647
StudentHousing,Pacific Residences - Building 2 - Sword Fern House,PAR2,5955 Student Union Boulevard,,VBL10378,UnderConstruction,-123.248459,49.269229
Housing,Nobel House,NOBL,3655 Wesbrook Mall,V6S 0G6,VBL10379,Complete,-123.233198,49.25083
StudentHousing,Pacific Residences - Building 1 - Driftwood House,PAR1,5985 Student Union Boulevard,,VBL10381,UnderConstruction,-123.249612,49.268822
StudentHousing,Pacific Residences - Building 5 - Sandpiper House,PAR5,"5955 Student Union Boulevard, Building 3",,VBL10382,UnderConstruction,-123.248296,49.270582
StudentHousing,Pacific Residences - Building 5 - Sandpiper House,PAR5,5970 Walter Gage Road,,VBL10382,UnderConstruction,-123.248296,49.270582
StudentHousing,Pacific Residences - Building 3 - Orcas House,PAR3,"5955 Student Union Boulevard, Building 1",,VBL10383,UnderConstruction,-123.247869,49.269615
StudentHousing,Pacific Residences - Building 4 - Salal House,PAR4,"5955 Student Union Boulevard, Building 2",,VBL10384,UnderConstruction,-123.247986,49.270206
Academic,Indian Residential School History and Dialogue Centre,IRSC,1985 Learners' Walk,V6T 1Z1,VBL10109,Complete,-123.253754,49.267001
Housing,Sandringham,SAND,5650 Hampton Place,V6T 2G5,VBL10106,Complete,-123.233552,49.257841
Academic,School of Population & Public Health,SPPH,2206 East Mall,V6T 1Z3,VBL10107,Complete,-123.248419,49.264234
Services,Place Vanier Residence - Commonsblock,VNR03,"1935 Lower Mall, Building 1",V6T 1X1,VBL10108,Complete,-123.258577,49.264656
Academic,Pharmaceutical Sciences Building,PHRM,2405 Wesbrook Mall,V6T 1Z3,VBL10110,Complete,-123.243281,49.262292
Academic,Life Sciences Centre,LSC,2350 Health Sciences Mall,V6T 1Z3,VBL10111,Complete,-123.245121,49.26254
Housing,Sitka,SITK,5868 Agronomy Road,V6T 0B5,VBL10112,Complete,-123.241952,49.262888
Housing,Pathways - East Building,PTHE,5779 Birney Avenue,V6S 0A3,VBL10239,Complete,-123.232835,49.25463
Research,3800 Wesbrook Mall,3800,3800 Wesbrook Mall,V6T 1W5,VBL10236,Complete,-123.2303,49.2502
Athletics,UBC Baseball Rose Indoor Training Centre,BTC,3085 Wesbrook Mall,V6T 1Z4,VBL10237,Complete,-123.23951,49.256203
Housing,Spirit,SPRT,3478 Wesbrook Mall,V6S 0B6,VBL10238,Complete,-123.233615,49.252974
Housing,Pathways - West Building,PTHW,5777 Birney Avenue,V6S 0A4,VBL10240,Complete,-123.233782,49.254396
Housing,The Laureates - Highrise,LAR1,5628 Birney Avenue,V6S 0H7,VBL10241,Complete,-123.230758,49.254092
Other,University Hill Secondary School,UHIL,3228 Ross Drive,V6S 0C6,VBL10242,Complete,-123.238748,49.254251
Services,UBC Hospital - Purdy Pavilion,PPAV,2221 Wesbrook Mall,V6T 1Z9,VBL10388,Complete,-123.245952,49.263267
Academic,First Nations Longhouse,FNLH,1985 West Mall,V6T 1Z2,VBL10386,Complete,-123.257199,49.26555
Housing,Chancellor House - Apartment,CHOA,6015 Iona Drive,V6T 2J4,VBL10387,Complete,-123.251446,49.271562
Housing,Sail - Building 2,SAL2,5981 Gray Avenue,V6S 0G1,VBL10390,Complete,-123.235195,49.252597
StudentHousing,St. John's College,STJC,2111 Lower Mall,V6T 1Z4,VBL10116,Complete,-123.256818,49.262578
Parking,Thunderbird Parkade,PART,6085 Thunderbird Boulevard,V6T 1Z3,VBL10113,Complete,-123.243051,49.261659
Housing,St. Andrew's Hall,STH,6040 Iona Drive,V6T 2E8,VBL10114,Complete,-123.251761,49.270164
Housing,St. James House,STJA,5835 Hampton Place,V6T 2G2,VBL10115,Complete,-123.237176,49.258207
StudentHousing,Fraser Hall,FRAS,2550 Wesbrook Mall,V6T 1Z3,VBL10117,Complete,-123.240737,49.261478
Other,St. Mark's College,STMK,5935 Iona Drive,V6T 1J7,VBL10118,Complete,-123.249156,49.272273
Athletics,UBC Football Academic Centre,FOOT,6298 Stadium Road,V6T 1Z4,VBL10246,Complete,-123.244986,49.255245
Research,NRC Institute for Fuel Cell Innovation,NRC,4250 Wesbrook Mall,V6T 1W5,VBL10243,Complete,-123.232293,49.245192
Housing,Eton - Townhouses,ETN3,"5687 Gray Avenue, Building 1",,VBL10244,Complete,-123.231518,49.253524
Academic,UBC Farm - Harvest Hut / Market,FRM2,"3461 Ross Drive, Building 5",V6T 1W5,VBL10245,Complete,-123.237944,49.250754
Housing,Georgia Point,GEOP,3381 Ross Drive,,VBL10247,UnderConstruction,-123.239225,49.251953
Administrative,UBC Life Building,LIFE,6138 Student Union Boulevard,V6T 1Z1,VBL10248,Complete,-123.250084,49.267434
Administrative,Thea Koerner House Graduate Student Centre,THEA,6371 Crescent Road,V6T 1Z2,VBL10249,Complete,-123.257889,49.268438
StudentHousing,Ritsumeikan-UBC House,RITS,6460 Agronomy Road,V6T 1Z4,VBL10250,Complete,-123.253006,49.2601
Academic,The Leonard S. Klinck Building,LSK,6356 Agricultural Road,V6T 1Z2,VBL10252,Complete,-123.255345,49.265432
StudentHousing,Totem Park Residence - Building 5,TPR5,"2525 West Mall, Building 5",V6T 1W9,VBL10128,Complete,-123.251192,49.258594
Services,Totem Park Residence - Commonsblock 1,TPR1,"2525 West Mall, Building 1",V6T 1W9,VBL10231,Complete,-123.252998,49.258021
StudentHousing,Totem Park Residence - Building 4,TPR4,"2525 West Mall, Building 4",V6T 1W9,VBL10016,Complete,-123.251552,49.259171
StudentHousing,Totem Park Residence - Building 7,TPR7,"2525 West Mall, Building 7",V6T 1W9,VBL10105,Complete,-123.251645,49.256806
Academic,Robert F. Osborne Centre - Unit 1,OSB1,,,VBL10251,Complete,-123.243723,49.260289
Housing,Chancellor Hall - Townhouses,CHHT,,,VBL10271,Complete,-123.250356,49.272193
Housing,Coast - Duplexes,COSD,,,VBL10399,Complete,-123.253238,49.271304
Housing,Coast - Townhouses,COST,,,VBL10277,Complete,-123.253052,49.271064
Housing,St. Mark's Duplexes,STMD,,,VBL10279,Complete,-123.249411,49.272726
Housing,Hawthorn Green,HAWT,,,VBL10144,Complete,-123.248583,49.258173
Housing,Somerset,SOMS,,,VBL10147,Complete,-123.248143,49.256497
Housing,Folio - Duplexes,FOL3,,,VBL10291,Complete,-123.250607,49.272418
Housing,Conservatory - Townhouses,CSY1,,,VBL10428,PreConstruction,-123.232102,49.255838
Housing,Nine on the Park,NINE,,,VBL10158,Complete,-123.247043,49.259322
Housing,Binning Tower - Townhouses,BINT,,,VBL10299,Complete,-123.231609,49.25526
Housing,Folio - Townhouses,FOL2,,,VBL10316,Complete,-123.2502,49.272247
Housing,Westchester,WSTR,,,VBL10220,Complete,-123.24911,49.257371
Housing,Logan Lane,LOGN,,,VBL10226,Complete,-123.245758,49.258904
Housing,Chancellor House - Duplexes,CHOD,,,VBL10385,Complete,-123.251863,49.271978
